Name,Collection,Type,Top 1 Organism,Top 2 Organism,Top 3 Organism,Top 4 Organism,Top 5 Organism,Top 6 Organism,Top 7 Organism,Top 8 Organism,Top 9 Organism,Top 10 Organism,Top 11 Organism,Top 12 Organism,Top 13 Organism,Top 14 Organism,Top 15 Organism,Top 16 Organism,Top 17 Organism,Top 18 Organism,Top 19 Organism,Top 20 Organism,Top 21 Organism,Top 22 Organism,Top 23 Organism,Top 24 Organism,Top 25 Organism,Top 26 Organism,Top 27 Organism,Top 28 Organism,Top 29 Organism,Top 30 Organism
Whole Grain,diets,Type 2,[328814] Alistipes shahii (-0.0103),[74426] Collinsella aerofaciens (0.0063),,,,,,,,,,,,,,,,,,,,,,,,,,,,
Carotenoids,diets,Type 2,[216572] Oscillospiraceae (0.0003),[28050] Lachnospira (0.0003),[515620] [Eubacterium] eligens ATCC 27750 (0.0003),,,,,,,,,,,,,,,,,,,,,,,,,,,
Sucralose,diets,Type 1,[1239] Bacillota (0.0058),[200643] Bacteroidia (-0.0058),,,,,,,,,,,,,,,,,,,,,,,,,,,,
Arabinoxylan,diets,Type 2,[40520] Blautia obeum (0.1241),[Probiotic] Bifidobacterium longum (0.1241),[820] Bacteroides uniformis (-0.1017),[2005473] Muribaculaceae (0.1017),[292632] Subdoligranulum (0.1017),[310297] Phocaeicola plebeius (0.1017),[31969] Mollicutes (0.1017),[165179] Segatella copri (0.1017),[2678885] Faecalibacillus (-0.1017),[40518] Ruminococcus bromii (-0.1017),[28116] Bacteroides ovatus (0.1017),[1535] [Clostridium] leptum (0.1017),[626940] Phascolarctobacterium succinatutens (0.1017),[816] Bacteroides (0.1017),[1680] Bifidobacterium adolescentis (0.0223),[39488] Anaerobutyricum hallii (0.0223),[1454229] Bifidobacterium faecale (0.0223),[169435] Anaerotruncus colihominis (-0.0223),[88431] Dorea longicatena (0.0223),[853] Faecalibacterium prausnitzii (0.0223),[1683] Bifidobacterium angulatum (0.0223),[39491] Agathobacter rectalis (0.0223),[418240] Blautia wexlerae (0.0223),[171550] Rikenellaceae (-0.0223),[89014] Blautia luti (0.0223),[31953] Bifidobacteriaceae (0.0223),[171551] Porphyromonadaceae (-0.0223),[1648] Erysipelothrix rhusiopathiae (-0.0223),[84026] [Clostridium] methylpentosum (-0.0223),[1150298] Fusicatenibacter saccharivorans (0.0223)
Vegetarian Diet,diets,Type 2,[838] Prevotella (0.114),[946234] Flavonifractor (-0.0125),[397864] Barnesiella (0.0125),[216572] Oscillospiraceae (0.0125),[596767] Hydrogenoanaerobacterium (0.0125),[102106] Collinsella (-0.0111),[186803] Lachnospiraceae (-0.0111),[1678] Bifidobacterium (-0.0111),[1301] Streptococcus (-0.0111),[292632] Subdoligranulum (0.0111),[84998] Coriobacteriia (-0.0072),[84999] Coriobacteriales (-0.0072),[577310] Parasutterella (-0.0036),,,,,,,,,,,,,,,,,
Oligofructose,diets,Type 2,[1678] Bifidobacterium (0.0063),[186803] Lachnospiraceae (-0.0063),,,,,,,,,,,,,,,,,,,,,,,,,,,,
Legumes,diets,Type 2,[213849] Campylobacterales (0.0097),[72294] Campylobacteraceae (0.0097),[Pathogen] Campylobacter (0.0097),[3031852] Epsilonproteobacteria (0.0097),[218538] Dialister invisus (-0.0),,,,,,,,,,,,,,,,,,,,,,,,,
Probiotics Containing _Lactobacillus Crispatus_,diets,Type Probiotics,,,,,,,,,,,,,,,,,,,,,,,,,,,,,,
Probiotics Containing _Lactobacillus Helveticus_,diets,Type Probiotics,,,,,,,,,,,,,,,,,,,,,,,,,,,,,,
Probiotics Containing _Pediococcus Acidilactici_,diets,Type Probiotics,,,,,,,,,,,,,,,,,,,,,,,,,,,,,,
Glucose,diets,Type 2,[1301] Streptococcus (-0.1476),[1730] Eubacterium (-0.1476),[189330] Dorea (-0.1476),[816] Bacteroides (-0.1476),,,,,,,,,,,,,,,,,,,,,,,,,,
Dairy Products,diets,Type 2,[1678] Bifidobacterium (0.0205),[218538] Dialister invisus (0.0103),[649756] Anaerostipes hadrus (-0.0103),[158846] Megamonas (0.0),[83770] Succinivibrio (0.0),,,,,,,,,,,,,,,,,,,,,,,,,
Very-Low-Calorie Ketogenic Diet,diets,Type 2,[1239] Bacillota (-0.0112),[200643] Bacteroidia (0.0112),,,,,,,,,,,,,,,,,,,,,,,,,,,,
Omega-3 Fatty Acid Supplementation,diets,Type 2,[1647988] Akkermansiaceae (0.1475),[1578] Lactobacillus (0.1475),[995019] Sutterellaceae (0.1475),[841] Roseburia (0.1475),[1678] Bifidobacterium (0.1475),[31979] Clostridiaceae (0.1475),[28050] Lachnospira (0.1475),[119852] Oscillospira (0.1475),[216851] Faecalibacterium (-0.1475),[33042] Coprococcus (-0.115),[248744] Marvinbryantia (-0.0326),[102106] Collinsella (-0.0326),[1263] Ruminococcus (-0.0326),[816] Bacteroides (0.0326),[33039] [Ruminococcus] torques (-0.0326),[572511] Blautia (-0.0326),,,,,,,,,,,,,,
Probiotics Containing _Lactobacillus Delbrueckii Subsp. Bulgaricus_,diets,Type Probiotics,,,,,,,,,,,,,,,,,,,,,,,,,,,,,,
Kefir,diets,Type 2,[201174] Actinomycetota (0.0409),[33962] Lentilactobacillus kefiri (0.0006),,,,,,,,,,,,,,,,,,,,,,,,,,,,
Bread,diets,Type 2,[1678] Bifidobacterium (0.148),[2040332] Dorea sp. (-0.148),,,,,,,,,,,,,,,,,,,,,,,,,,,,
Rhamnan Sulphate,diets,Type 2,[909932] Negativicutes (0.0102),[1239] Bacillota (-0.0102),[1843488] Acidaminococcales (0.0102),[1843489] Veillonellales (0.0102),,,,,,,,,,,,,,,,,,,,,,,,,,
Sugar,diets,Type 2,[1239] Bacillota (-0.1018),[201174] Actinomycetota (0.1018),[508215] Rothia (-0.1018),[572511] Blautia (-0.0063),,,,,,,,,,,,,,,,,,,,,,,,,,
Red Wine,diets,Type 2,[853] Faecalibacterium prausnitzii (0.1494),[84112] Eggerthella lenta (0.0161),[39491] Agathobacter rectalis (0.0161),[838] Prevotella (0.0161),[816] Bacteroides (0.0161),[820] Bacteroides uniformis (0.0161),[1350] Enterococcus (0.0161),[1532] Blautia coccoides (0.0117),[1678] Bifidobacterium (0.0117),[1535] [Clostridium] leptum (-0.0044),[1578] Lactobacillus (-0.0044),,,,,,,,,,,,,,,,,,,
Probiotics Containing _Lacticaseibacillus Rhamnosus_,diets,Type Probiotics,,,,,,,,,,,,,,,,,,,,,,,,,,,,,,
Vegetal Protein,diets,Type 2,[2172] Methanobrevibacter (0.0),[724] Haemophilus (0.0),[33042] Coprococcus (0.0),[841] Roseburia (0.0),,,,,,,,,,,,,,,,,,,,,,,,,,
High-Carbohydrate/High-Glycemic Index Diet,diets,Type 2,[816] Bacteroides (0.0121),,,,,,,,,,,,,,,,,,,,,,,,,,,,,
Fruits,diets,Type 2,[216851] Faecalibacterium (0.0036),,,,,,,,,,,,,,,,,,,,,,,,,,,,,
Cocoa,diets,Type 2,[853] Faecalibacterium prausnitzii (0.0185),[40520] Blautia obeum (0.0185),[41200] Bifidobacterium sp. (0.0161),[35783] Enterococcus sp. (0.0161),[1498] Hathewaya histolytica (-0.0161),[1591] Lactobacillus sp. (0.0161),[1578] Lactobacillus (-0.0161),[1678] Bifidobacterium (-0.0161),[572511] Blautia (0.015),[1766253] Agathobacter (-0.015),[28050] Lachnospira (0.015),,,,,,,,,,,,,,,,,,,
Fructo-Oligosaccharide Supplementation,diets,Type 2,[1678] Bifidobacterium (0.0206),[119852] Oscillospira (-0.0102),[1263] Ruminococcus (0.0102),[40544] Sutterella (-0.0102),[1578] Lactobacillus (0.0102),[33042] Coprococcus (-0.0102),[590] Salmonella (-0.0102),[191303] Turicibacter (-0.0102),[547] Enterobacter (-0.0102),[33024] Phascolarctobacterium (-0.0102),[74426] Collinsella aerofaciens (0.0098),[1680] Bifidobacterium adolescentis (0.0098),[201174] Actinomycetota (-0.0063),[216851] Faecalibacterium (0.0039),,,,,,,,,,,,,,,,
Copper,diets,Type 2,[580596] Butyricicoccus (0.0385),[255528] Victivallaceae (0.0385),[1224] Pseudomonadota (0.0107),[200643] Bacteroidia (-0.0107),[201174] Actinomycetota (0.0107),[1239] Bacillota (0.0107),[95818] Candidatus Saccharibacteria (0.0107),[74426] Collinsella aerofaciens (-0.0103),[1535] [Clostridium] leptum (-0.0103),[29465] Veillonella (0.0103),,,,,,,,,,,,,,,,,,,,
Increased Caloric Intake,diets,Type 2,[815] Bacteroidaceae (-0.0),[1263] Ruminococcus (-0.0),[186803] Lachnospiraceae (-0.0),,,,,,,,,,,,,,,,,,,,,,,,,,,
Refined Grain Diet,diets,Type 2,[165179] Segatella copri (-0.1476),[818] Bacteroides thetaiotaomicron (0.1476),[853] Faecalibacterium prausnitzii (-0.1476),,,,,,,,,,,,,,,,,,,,,,,,,,,
Carbohydrates,diets,Type 2,[404402] Howardella (-0.0325),[841] Roseburia (0.0112),[1117] Cyanobacteriota (-0.0107),[95818] Candidatus Saccharibacteria (0.0107),[201174] Actinomycetota (0.0107),[200643] Bacteroidia (-0.0107),[1239] Bacillota (0.0107),[1224] Pseudomonadota (0.0107),[1263] Ruminococcus (0.0),[186802] Eubacteriales (0.0),[119852] Oscillospira (-0.0),[1678] Bifidobacterium (0.0),[1578] Lactobacillus (0.0),[33042] Coprococcus (0.0),[724] Haemophilus (0.0),,,,,,,,,,,,,,,
Beverages,diets,Type 2,[841] Roseburia (-0.0),,,,,,,,,,,,,,,,,,,,,,,,,,,,,
Nuts,diets,Type 2,[301301] Roseburia hominis (0.1597),[1501226] Romboutsia (-0.0103),[515620] [Eubacterium] eligens ATCC 27750 (0.0103),[1414720] Clostridium saudiense (-0.0103),[561] Escherichia (0.0036),[35829] Acetivibrio (0.0001),[201174] Actinomycetota (0.0001),[2163168] Kineothrix (0.0001),[1924081] Bariatricus (0.0001),[1505657] Intestinibacter (-0.0001),[2005359] Faecalicatena (0.0001),[241189] Hespellia (0.0001),[1924093] Anaeromassilibacillus (0.0001),,,,,,,,,,,,,,,,,
Beetroot Juice,diets,Type 2,[1678] Bifidobacterium (0.0373),[1263] Ruminococcus (-0.0373),[33042] Coprococcus (0.0373),,,,,,,,,,,,,,,,,,,,,,,,,,,
Saturated Fats,diets,Type 2,[1224] Pseudomonadota (-0.1018),[1263] Ruminococcus (-0.1018),[140625] Lachnobacterium (0.1018),[724] Haemophilus (0.0),[574697] Butyricimonas (-0.0),[29465] Veillonella (0.0),[375288] Parabacteroides (-0.0),[51514] Dehalobacterium (-0.0),,,,,,,,,,,,,,,,,,,,,,
Vitamin A Supplementation,diets,Type 2,[186803] Lachnospiraceae (0.0325),,,,,,,,,,,,,,,,,,,,,,,,,,,,,
Raisin,diets,Type 2,[41200] Bifidobacterium sp. (-0.0079),[853] Faecalibacterium prausnitzii (0.0079),[576] Klebsiella sp. (-0.0079),[29523] Bacteroides sp. (0.0079),[59823] Prevotella sp. (-0.0079),[41978] Ruminococcus sp. (0.0079),,,,,,,,,,,,,,,,,,,,,,,,
Moderate-to-Vigorous Physical Activity,lifestyles,Type 2,[543] Enterobacteriaceae (-0.0088),[1737406] Tissierellaceae (-0.0088),[28050] Lachnospira (0.0088),[189330] Dorea (0.0088),[171549] Bacteroidales (0.0088),[91347] Enterobacterales (-0.0088),,,,,,,,,,,,,,,,,,,,,,,,
Moderate-Intensity Continuous Training,lifestyles,Type 2,[200643] Bacteroidia (0.0135),[1485] Clostridium (-0.0135),,,,,,,,,,,,,,,,,,,,,,,,,,,,
Salmon,diets,Type 2,[909929] Selenomonadales (0.0111),[186802] Eubacteriales (-0.0111),[171549] Bacteroidales (-0.0111),,,,,,,,,,,,,,,,,,,,,,,,,,,
Moderate Intensity Exercise,lifestyles,Type 2,[853] Faecalibacterium prausnitzii (0.0063),[301301] Roseburia hominis (0.0063),[Probiotic] Akkermansia muciniphila (0.0063),,,,,,,,,,,,,,,,,,,,,,,,,,,
Pink Lady Apple,diets,Type 2,[200643] Bacteroidia (-0.0204),[201174] Actinomycetota (0.0204),,,,,,,,,,,,,,,,,,,,,,,,,,,,
Vitamin D,diets,Type 2,[1239] Bacillota (0.2244),[572511] Blautia (-0.1389),[244127] Anaerotruncus (-0.1265),[119852] Oscillospira (-0.1184),[200643] Bacteroidia (0.1155),[201174] Actinomycetota (0.1077),[29465] Veillonella (-0.1019),[1279] Staphylococcus (0.1018),[1224] Pseudomonadota (0.0912),[724] Haemophilus (-0.0795),[838] Prevotella (0.0582),[906] Megasphaera (0.0573),[816] Bacteroides (0.0376),[35517] [Eubacterium] brachy (-0.0359),[33968] Leuconostoc pseudomesenteroides (0.0359),[310298] Phocaeicola coprocola (-0.0359),[84107] Coriobacteriaceae (0.0325),[410072] Coprococcus comes (0.0325),[Probiotic] Streptococcus salivarius (0.0325),[Probiotic] Bifidobacterium longum (0.0325),[88431] Dorea longicatena (0.0325),[194924] Desulfovibrionaceae (-0.0325),[815] Bacteroidaceae (0.0265),[239759] Alistipes (0.0244),[1357] Lactococcus (0.0224),[33024] Phascolarctobacterium (0.0223),[283168] Odoribacter (-0.0214),[375288] Parabacteroides (0.0213),[128827] Erysipelotrichaceae (-0.019),[853] Faecalibacterium prausnitzii (0.0179)
Probiotics Containing _Levilactobacillus Brevis_,diets,Type Probiotics,,,,,,,,,,,,,,,,,,,,,,,,,,,,,,
Manganese,diets,Type 2,[200643] Bacteroidia (0.0107),[1239] Bacillota (0.0107),[95818] Candidatus Saccharibacteria (0.0107),[1117] Cyanobacteriota (-0.0107),[201174] Actinomycetota (0.0107),,,,,,,,,,,,,,,,,,,,,,,,,
Beta-Glucan Supplementation,diets,Type 2,[1678] Bifidobacterium (-0.0072),[853] Faecalibacterium prausnitzii (0.0072),[186802] Eubacteriales (-0.0035),[74426] Collinsella aerofaciens (-0.0035),[39491] Agathobacter rectalis (0.0035),[1535] [Clostridium] leptum (-0.0035),[394340] Adlercreutzia equolifaciens subsp. celatus (-0.0035),[84999] Coriobacteriales (-0.0035),,,,,,,,,,,,,,,,,,,,,,
Biscuits,diets,Type 2,[216851] Faecalibacterium (0.0),,,,,,,,,,,,,,,,,,,,,,,,,,,,,
Spices And Herbs,diets,Type 2,[816] Bacteroides (0.0204),[1694] Bifidobacterium pseudolongum (0.0204),[572511] Blautia (0.0204),[1301] Streptococcus (0.0204),[729] Haemophilus parainfluenzae (0.0204),[33035] Blautia producta (-0.0204),[1485] Clostridium (-0.0204),[189330] Dorea (0.0204),[40544] Sutterella (-0.0204),[31979] Clostridiaceae (0.0204),[186803] Lachnospiraceae (-0.0204),[1263] Ruminococcus (0.0204),[31971] Amedibacillus dolichus (0.0204),[119852] Oscillospira (-0.0204),[28111] Bacteroides eggerthii (0.0204),[28211] Alphaproteobacteria (0.0204),[1578] Lactobacillus (0.0204),[906] Megasphaera (0.0204),[817] Bacteroides fragilis (0.0204),[Probiotic] Bifidobacterium animalis (0.0204),,,,,,,,,,
Whole Grain Wheat,diets,Type 2,[216572] Oscillospiraceae (0.0072),,,,,,,,,,,,,,,,,,,,,,,,,,,,,
Fermented Foods,diets,Type 2,[853] Faecalibacterium prausnitzii (0.1665),[201174] Actinomycetota (0.0885),[816] Bacteroides (0.0591),[838] Prevotella (0.0591),[820] Bacteroides uniformis (0.0434),[1678] Bifidobacterium (0.0434),[28050] Lachnospira (0.0409),[Probiotic] Bifidobacterium animalis (0.0296),[Probiotic] Streptococcus thermophilus (0.0296),[186803] Lachnospiraceae (0.0284),[186802] Eubacteriales (0.0273),[222] Achromobacter (0.0273),[543] Enterobacteriaceae (0.0273),[286] Pseudomonas (0.0273),[119852] Oscillospira (0.0273),[28117] Alistipes putredinis (0.0273),[80865] Delftia (0.0273),[1531] Enterocloster clostridioformis (0.0273),[1654] Actinomyces (0.0273),[78345] Bifidobacterium merycicum (0.0206),[33905] Bifidobacterium thermophilum (0.0206),[33040] Streptococcus milleri (0.0206),[31953] Bifidobacteriaceae (0.0206),[1694] Bifidobacterium pseudolongum (0.0206),[1300] Streptococcaceae (0.0206),[1692] Bifidobacterium magnum (0.0206),[39948] Dialister (-0.0205),[84108] Slackia (0.0205),[1348911] Coprobacter (-0.0205),[841] Roseburia (-0.0205)
Chitin-Glucan,diets,Type 2,[216572] Oscillospiraceae (0.0102),[1752188] unclassified Actinomycetota (0.0102),[1228827] Influenza A virus) (0.0102),[39496] Eubacterium ventriosum (0.0102),,,,,,,,,,,,,,,,,,,,,,,,,,
Prune,diets,Type 2,[1678] Bifidobacterium (0.0224),,,,,,,,,,,,,,,,,,,,,,,,,,,,,
Low-Carbohydate Diet,diets,Type 2,[1730] Eubacterium (0.0205),[1263] Ruminococcus (0.0205),[841] Roseburia (0.0205),,,,,,,,,,,,,,,,,,,,,,,,,,,
Probiotics Containing _Leuconostoc Mesenteroides_,diets,Type Probiotics,,,,,,,,,,,,,,,,,,,,,,,,,,,,,,
Fermented Kimchi,diets,Type 2,[1224] Pseudomonadota (0.0157),[572511] Blautia (-0.0157),[201174] Actinomycetota (0.0157),[838] Prevotella (0.0157),[816] Bacteroides (0.0157),,,,,,,,,,,,,,,,,,,,,,,,,
Resistant Starch Type 4 Supplementation,diets,Type 2,[1239] Bacillota (-0.0063),[823] Parabacteroides distasonis (0.0063),[1680] Bifidobacterium adolescentis (0.0063),[216572] Oscillospiraceae (-0.0063),[1678] Bifidobacterium (0.0063),[201174] Actinomycetota (0.0063),[200643] Bacteroidia (0.0063),[375288] Parabacteroides (0.0063),[189330] Dorea (-0.0063),[1531] Enterocloster clostridioformis (0.0063),[216851] Faecalibacterium (-0.0063),,,,,,,,,,,,,,,,,,,
Phosphorus,diets,Type 2,[1224] Pseudomonadota (0.1125),[1117] Cyanobacteriota (0.0107),[200643] Bacteroidia (-0.0107),[201174] Actinomycetota (0.0107),[1239] Bacillota (0.0107),[95818] Candidatus Saccharibacteria (0.0107),,,,,,,,,,,,,,,,,,,,,,,,
Probiotics Containing _Lacticaseibacillus Rhamnosus Gg_,diets,Type Probiotics,,,,,,,,,,,,,,,,,,,,,,,,,,,,,,
Onion,diets,Type 2,[244127] Anaerotruncus (-0.0097),,,,,,,,,,,,,,,,,,,,,,,,,,,,,
Low-FODMAP Diet,diets,Type 2,[201174] Actinomycetota (0.2724),[1678] Bifidobacterium (-0.1731),[836] Porphyromonas (0.1475),[31957] Propionibacteriaceae (-0.1475),[186802] Eubacteriales (0.1475),[543314] Eubacteriales Family XIII. Incertae Sedis (0.1475),[1239] Bacillota (0.1475),[33038] Mediterraneibacter gnavus (-0.1475),[Probiotic] Akkermansia muciniphila (-0.1475),[Probiotic] Bifidobacterium longum (-0.0661),[1680] Bifidobacterium adolescentis (-0.0661),[35833] Bilophila wadsworthia (0.066),[853] Faecalibacterium prausnitzii (-0.0572),[816] Bacteroides (0.0312),[31953] Bifidobacteriaceae (-0.0223),[815] Bacteroidaceae (-0.0223),[186803] Lachnospiraceae (0.0223),[216572] Oscillospiraceae (0.0089),[1505652] Terrisporobacter (0.0),[265975] Oribacterium (0.0),[1228827] Influenza A virus) (0.0),[570] Klebsiella (-0.0),[1481960] Peptoclostridium (0.0),[204441] Rhodospirillales (-0.0),[906] Megasphaera (-0.0),[1649459] Hungatella (0.0),[1350] Enterococcus (-0.0),[200643] Bacteroidia (0.0),,
Whole Grain Diet,diets,Type 2,[165179] Segatella copri (0.1476),[818] Bacteroides thetaiotaomicron (-0.1476),[186802] Eubacteriales (0.1476),[853] Faecalibacterium prausnitzii (0.1476),,,,,,,,,,,,,,,,,,,,,,,,,,
1-Kestose,diets,Type 2,[906] Megasphaera (0.0205),[1578] Lactobacillus (0.0205),[1301] Streptococcus (-0.0205),[1678] Bifidobacterium (0.0205),[990719] Christensenellaceae (-0.0205),[191303] Turicibacter (-0.0205),[33038] Mediterraneibacter gnavus (-0.0205),,,,,,,,,,,,,,,,,,,,,,,
Tritordeum Bread,diets,Type 2,[216851] Faecalibacterium (0.01),[438033] Ruminococcus gauvreauii (0.01),[1506553] Lachnoclostridium (0.01),[39497] Eubacterium xylanophilum (0.01),[877420] Lachnospiraceae bacterium NK4A136 (0.01),[841] Roseburia (0.01),[816] Bacteroides (0.01),,,,,,,,,,,,,,,,,,,,,,,
Maltodextrin,diets,Type 2,[292632] Subdoligranulum (-0.0111),[838] Prevotella (0.0111),[239759] Alistipes (0.0111),[128827] Erysipelotrichaceae (-0.0111),[239934] Akkermansia (-0.0111),[816] Bacteroides (0.0111),[216572] Oscillospiraceae (-0.0048),,,,,,,,,,,,,,,,,,,,,,,
Vitamin B2 Supplementation,diets,Type 2,[31977] Veillonellaceae (-0.0325),[1485] Clostridium (0.0325),[31979] Clostridiaceae (0.0325),[853] Faecalibacterium prausnitzii (-0.0325),[216851] Faecalibacterium (-0.0325),[328814] Alistipes shahii (0.0325),[39488] Anaerobutyricum hallii (-0.0325),,,,,,,,,,,,,,,,,,,,,,,
Cara Cara Orange Juice,diets,Type 2,[1737406] Tissierellaceae (0.015),[283168] Odoribacter (-0.015),,,,,,,,,,,,,,,,,,,,,,,,,,,,
Proinflammatory Diet,diets,Type 2,[357276] Phocaeicola dorei (-0.0227),[818] Bacteroides thetaiotaomicron (0.0227),[292800] Flavonifractor plautii (-0.0227),[562] Escherichia coli (0.0227),[582] Morganella morganii (0.0227),[39488] Anaerobutyricum hallii (-0.0227),[946234] Flavonifractor (0.0173),[1506577] Tyzzerella (0.0173),[33038] Mediterraneibacter gnavus (0.0173),[203490] Fusobacteriia (0.0173),[39497] Eubacterium xylanophilum (0.0173),[1506553] Lachnoclostridium (0.0173),,,,,,,,,,,,,,,,,,
Herbal Supplementation,diets,Type 2,[40544] Sutterella (-0.0002),[572511] Blautia (-0.0002),[33042] Coprococcus (0.0002),,,,,,,,,,,,,,,,,,,,,,,,,,,
Probiotics Containing _Lacticaseibacillus Casei_,diets,Type Probiotics,,,,,,,,,,,,,,,,,,,,,,,,,,,,,,
Aronia,diets,Type 2,[816] Bacteroides (0.0161),,,,,,,,,,,,,,,,,,,,,,,,,,,,,
Dietary Fiber,diets,Type 2,[40544] Sutterella (0.1018),[1766253] Agathobacter (0.0325),[1678] Bifidobacterium (0.0205),[201174] Actinomycetota (0.0205),[189330] Dorea (-0.0111),[74426] Collinsella aerofaciens (-0.0103),[35493] Streptophyta (0.0103),[515620] [Eubacterium] eligens ATCC 27750 (0.0103),[46506] Bacteroides stercoris (-0.0103),[301301] Roseburia hominis (0.0103),[216851] Faecalibacterium (-0.0063),[572511] Blautia (-0.0049),[1924081] Bariatricus (0.0001),[1005355] Fulvoscirtes manyara (0.0001),[1263] Ruminococcus (0.0),[186802] Eubacteriales (0.0),,,,,,,,,,,,,,
Probiotics Containing _Streptococcus Thermophilus_,diets,Type Probiotics,,,,,,,,,,,,,,,,,,,,,,,,,,,,,,
Vitamin B6,diets,Type 2,[946234] Flavonifractor (-0.0663),[33039] [Ruminococcus] torques (-0.0663),[169435] Anaerotruncus colihominis (-0.0663),[1550024] Ruthenibacterium lactatiformans (-0.0663),[333367] Enterocloster asparagiformis (-0.0663),[154046] Hungatella hathewayi (-0.0663),[1945593] Oscillibacter sp. (-0.0663),[78346] Bifidobacterium ruminantium (0.0663),[538999] Eubacteriales incertae sedis (-0.0663),[200643] Bacteroidia (-0.0179),[1239] Bacillota (0.0133),[95818] Candidatus Saccharibacteria (0.0107),[1224] Pseudomonadota (0.0107),[1117] Cyanobacteriota (0.0107),[201174] Actinomycetota (0.0107),[39948] Dialister (-0.0072),[39488] Anaerobutyricum hallii (-0.0041),,,,,,,,,,,,,
Mediterranean Diet,diets,Type 1,[165179] Segatella copri (-0.0),,,,,,,,,,,,,,,,,,,,,,,,,,,,,
Probiotics Containing _Lactococcus Plantarum_,diets,Type Probiotics,,,,,,,,,,,,,,,,,,,,,,,,,,,,,,
Phytates,diets,Type 2,[1263] Ruminococcus (0.0),[186802] Eubacteriales (0.0),[216851] Faecalibacterium (0.0),,,,,,,,,,,,,,,,,,,,,,,,,,,
Citrus Fruit,diets,Type 2,[61171] Holdemania filiformis (-0.0103),[40545] Sutterella wadsworthensis (0.0103),[46506] Bacteroides stercoris (-0.0103),[1653434] Sellimonas intestinalis (-0.0103),[853] Faecalibacterium prausnitzii (0.0103),[301301] Roseburia hominis (0.0103),[160404] Anaerotignum lactatifermentans (-0.0103),[515620] [Eubacterium] eligens ATCC 27750 (0.0103),[35493] Streptophyta (0.0103),,,,,,,,,,,,,,,,,,,,,
Vitamin B5,diets,Type 2,[1239] Bacillota (0.0107),[200643] Bacteroidia (-0.0107),[95818] Candidatus Saccharibacteria (0.0107),[1117] Cyanobacteriota (-0.0107),[201174] Actinomycetota (0.0107),[1224] Pseudomonadota (0.0107),[39948] Dialister (0.0072),,,,,,,,,,,,,,,,,,,,,,,
Meat,diets,Type 2,[572511] Blautia (-0.0167),[418240] Blautia wexlerae (-0.0167),[28052] Lachnospira pectinoschiza (0.0103),[35493] Streptophyta (0.0103),[515620] [Eubacterium] eligens ATCC 27750 (0.0103),[1263] Ruminococcus (0.0),,,,,,,,,,,,,,,,,,,,,,,,
Tapioca,diets,Type 2,[1924109] Eisenbergiella sp. (0.0),[853] Faecalibacterium prausnitzii (0.0),[47246] [Clostridium] viride (-0.0),[1869337] Parabacteroides sp. (0.0),[823] Parabacteroides distasonis (0.0),[39488] Anaerobutyricum hallii (-0.0),[171551] Porphyromonadaceae (0.0),[216572] Oscillospiraceae (-0.0),[375288] Parabacteroides (0.0),,,,,,,,,,,,,,,,,,,,,
Vegan Diet,diets,Type 2,[853] Faecalibacterium prausnitzii (0.0206),[39948] Dialister (0.0113),[572511] Blautia (0.0113),[1678] Bifidobacterium (-0.0113),[189330] Dorea (0.0113),[33024] Phascolarctobacterium (0.0113),[239934] Akkermansia (-0.0113),[841] Roseburia (-0.0113),[239759] Alistipes (0.0113),[1485] Clostridium (-0.0113),,,,,,,,,,,,,,,,,,,,
Probiotics Containing _Bifidobacterium Bifidum_,diets,Type Probiotics,,,,,,,,,,,,,,,,,,,,,,,,,,,,,,
Pectin,diets,Type 2,[28216] Betaproteobacteria (-0.0087),[191303] Turicibacter (0.0087),[1263] Ruminococcus (0.0087),[909930] Acidaminococcaceae (0.0087),[40544] Sutterella (-0.0087),[33958] Lactobacillaceae (-0.0087),[506] Alcaligenaceae (0.0087),[1485] Clostridium (-0.0001),[1678] Bifidobacterium (0.0001),[1578] Lactobacillus (0.0001),,,,,,,,,,,,,,,,,,,,
Bean Products,diets,Type 2,[397864] Barnesiella (-0.0036),[216851] Faecalibacterium (-0.0036),[1283313] Alloprevotella (-0.0036),,,,,,,,,,,,,,,,,,,,,,,,,,,
Vitamin C Supplementation,diets,Type 2,[1898203] Lachnospiraceae bacterium (-0.0325),[186803] Lachnospiraceae (0.03),[745368] Gemmiger formicilis (-0.0269),[200643] Bacteroidia (-0.0269),[1350] Enterococcus (-0.0269),[31953] Bifidobacteriaceae (0.0031),[1680] Bifidobacterium adolescentis (0.0031),[487174] Barnesiella intestinihominis (0.0031),[74426] Collinsella aerofaciens (0.0031),[816] Bacteroides (-0.0),[1239] Bacillota (0.0),,,,,,,,,,,,,,,,,,,
High Step Count,lifestyles,Type 2,[35493] Streptophyta (0.0147),[244127] Anaerotruncus (-0.0147),[100883] Coprobacillus (-0.0147),[180162] Cetobacterium (0.0147),[239759] Alistipes (-0.0147),[216851] Faecalibacterium (0.0147),[838] Prevotella (0.0147),[186807] Peptococcaceae (0.0147),[1485] Clostridium (0.0147),[28050] Lachnospira (0.0147),[186803] Lachnospiraceae (0.0147),[906] Megasphaera (-0.0147),[447020] Adlercreutzia (-0.0147),[84111] Eggerthella (-0.0147),,,,,,,,,,,,,,,,
Probiotics Containing _Lactococcus Cremoris_,diets,Type Probiotics,,,,,,,,,,,,,,,,,,,,,,,,,,,,,,
Capsaicin Supplementation,diets,Type 2,[216572] Oscillospiraceae (0.0112),[1239] Bacillota (0.0112),[186803] Lachnospiraceae (-0.0112),[216851] Faecalibacterium (0.0112),[200643] Bacteroidia (-0.0112),,,,,,,,,,,,,,,,,,,,,,,,,
Meat-Rich Diet,diets,Type 2,[28050] Lachnospira (0.0036),[2383] Candidatus Epulonipiscium (-0.0036),,,,,,,,,,,,,,,,,,,,,,,,,,,,
Fats And Oils,diets,Type 2,[213849] Campylobacterales (0.0097),[72294] Campylobacteraceae (0.0097),[Pathogen] Campylobacter (0.0097),[387090] Phocaeicola coprophilus (0.0097),[3031852] Epsilonproteobacteria (0.0097),,,,,,,,,,,,,,,,,,,,,,,,,
Kiwifruit Capsules,diets,Type 2,[2049040] Roseburia sp. (-0.0032),[216572] Oscillospiraceae (0.0032),[853] Faecalibacterium prausnitzii (0.0032),[171549] Bacteroidales (-0.0032),[189330] Dorea (0.0032),[239934] Akkermansia (0.0032),,,,,,,,,,,,,,,,,,,,,,,,
Animal Protein,diets,Type 2,[821] Phocaeicola vulgatus (0.1479),[724] Haemophilus (0.0),[841] Roseburia (0.0),[375288] Parabacteroides (-0.0),[200643] Bacteroidia (-0.0),[33024] Phascolarctobacterium (-0.0),[580596] Butyricicoccus (-0.0),,,,,,,,,,,,,,,,,,,,,,,
Beef,diets,Type 2,[2383] Candidatus Epulonipiscium (-0.0036),,,,,,,,,,,,,,,,,,,,,,,,,,,,,
Probiotics Containing _Ligilactobacillus Salivarius_,diets,Type Probiotics,,,,,,,,,,,,,,,,,,,,,,,,,,,,,,
Ginseng,diets,Type 2,[207244] Anaerostipes (-0.017),,,,,,,,,,,,,,,,,,,,,,,,,,,,,
Turmeric,diets,Type 2,[28117] Alistipes putredinis (0.0),[1432052] Eisenbergiella tayi (-0.0),,,,,,,,,,,,,,,,,,,,,,,,,,,,
Pomegranate Extract,diets,Type 2,[85004] Bifidobacteriales (0.0157),[1647175] Aestuariispira (0.0157),[241189] Hespellia (0.0157),[201174] Actinomycetota (0.0157),[186817] Bacillaceae (-0.0157),[52018] unclassified Actinomycetes (0.0157),[1678] Bifidobacterium (0.0157),[72763] Tessaracoccus (0.0157),[46255] Weissella (-0.0157),[31953] Bifidobacteriaceae (0.0157),[1357] Lactococcus (0.0157),[580596] Butyricicoccus (0.0157),[574697] Butyricimonas (0.0157),[2316] Methanosphaera (-0.0157),[2172] Methanobrevibacter (-0.0157),[283168] Odoribacter (0.0157),[216851] Faecalibacterium (0.0157),[816] Bacteroides (0.0157),[543311] Parvimonas (-0.0157),[Probiotic] Akkermansia muciniphila (0.0069),,,,,,,,,,
Chicken,diets,Type 2,[39948] Dialister (0.0102),[1578] Lactobacillus (0.0102),[133925] Olsenella (0.0102),[1239] Bacillota (-0.0102),[171549] Bacteroidales (0.0102),[200643] Bacteroidia (0.0102),[171552] Prevotellaceae (0.0102),,,,,,,,,,,,,,,,,,,,,,,
Magnesium Supplementation,diets,Type 2,[116085] Coprococcus catus (0.0224),[28127] Hoylesella buccalis (0.0224),[165179] Segatella copri (0.0224),[638849] Pyramidobacter piscolens (0.0224),[100886] Catenibacterium mitsuokai (0.0224),[40520] Blautia obeum (0.0224),[39486] Dorea formicigenerans (0.0224),[39496] Eubacterium ventriosum (0.0224),[89153] [Clostridium] hylemonae (0.0224),,,,,,,,,,,,,,,,,,,,,
Vitamin B1,diets,Type 2,[404402] Howardella (0.0325),[216572] Oscillospiraceae (0.0206),[95818] Candidatus Saccharibacteria (0.0107),[1117] Cyanobacteriota (-0.0107),[1239] Bacillota (0.0107),[201174] Actinomycetota (0.0107),[186803] Lachnospiraceae (0.0),[158846] Megamonas (0.0),,,,,,,,,,,,,,,,,,,,,,
Probiotics Containing _Heyndrickxia Coagulans_,diets,Type Probiotics,,,,,,,,,,,,,,,,,,,,,,,,,,,,,,
Resistant Starch Supplementation,diets,Type 2,[1678] Bifidobacterium (0.0224),[665950] Lachnospiraceae bacterium 3_1_46FAA (-0.0),[329854] Bacteroides intestinalis (-0.0),[2648737] unclassified Eggerthella (-0.0),[301301] Roseburia hominis (-0.0),[562] Escherichia coli (-0.0),[61171] Holdemania filiformis (-0.0),[2626256] unclassified Megasphaera (-0.0),[46506] Bacteroides stercoris (-0.0),[166486] Roseburia intestinalis (-0.0),[291644] Bacteroides salyersiae (-0.0),[47678] Bacteroides caccae (-0.0),[626932] Alistipes indistinctus (-0.0),[40518] Ruminococcus bromii (0.0),[2637685] unclassified Holdemania (-0.0),[358743] Enterocloster citroniae (-0.0),[515620] [Eubacterium] eligens ATCC 27750 (-0.0),[165179] Segatella copri (0.0),[46503] Parabacteroides merdae (-0.0),,,,,,,,,,,
Protein,diets,Type 2,[2172] Methanobrevibacter (0.1018),[1224] Pseudomonadota (-0.0912),[404402] Howardella (0.0325),[186928] unclassified Lachnospiraceae (0.0325),[31977] Veillonellaceae (0.0143),[1643826] Eggerthellaceae (0.0143),[239934] Akkermansia (0.0143),[1649459] Hungatella (0.0112),[1117] Cyanobacteriota (0.0107),[201174] Actinomycetota (0.0107),[1239] Bacillota (0.0107),[95818] Candidatus Saccharibacteria (0.0107),[200643] Bacteroidia (-0.0107),[28050] Lachnospira (-0.0041),[1926667] Ihubacter (-0.0001),[724] Haemophilus (0.0),[841] Roseburia (0.0),[189330] Dorea (0.0),[119852] Oscillospira (-0.0),[574697] Butyricimonas (-0.0),[375288] Parabacteroides (-0.0),,,,,,,,,
Milk,diets,Type 2,[821] Phocaeicola vulgatus (0.1479),[1578] Lactobacillus (0.0325),[1224] Pseudomonadota (0.0325),[838] Prevotella (-0.0325),[841] Roseburia (0.0325),[46506] Bacteroides stercoris (-0.0167),[1301] Streptococcus (0.0167),[Probiotic] Streptococcus salivarius (0.0167),,,,,,,,,,,,,,,,,,,,,,
Green-Mediterranean Diet,diets,Type 2,[1678] Bifidobacterium (-0.0),[838] Prevotella (0.0),,,,,,,,,,,,,,,,,,,,,,,,,,,,
Fructans,diets,Type 2,[1678] Bifidobacterium (0.0058),,,,,,,,,,,,,,,,,,,,,,,,,,,,,
Probiotics Containing _Weissella Cibaria_,diets,Type Probiotics,,,,,,,,,,,,,,,,,,,,,,,,,,,,,,
Mango,diets,Type 2,[165179] Segatella copri (-0.0066),[439703] Segatella maculosa (0.0066),[598660] Corynebacterium pyruviciproducens (0.0066),[35519] Mogibacterium timidum (0.0066),,,,,,,,,,,,,,,,,,,,,,,,,,
Potassium,diets,Type 2,[171549] Bacteroidales (-0.0223),[200643] Bacteroidia (-0.0117),[1224] Pseudomonadota (0.0107),[95818] Candidatus Saccharibacteria (0.0107),[1117] Cyanobacteriota (0.0107),[201174] Actinomycetota (0.0107),[1239] Bacillota (0.0107),[40545] Sutterella wadsworthensis (0.0103),[515620] [Eubacterium] eligens ATCC 27750 (0.0103),[35493] Streptophyta (0.0103),,,,,,,,,,,,,,,,,,,,
Aerobic Exercise,lifestyles,Type 2,[216572] Oscillospiraceae (0.2964),[1239] Bacillota (0.1852),[29465] Veillonella (0.1802),[724] Haemophilus (0.1802),[712] Pasteurellaceae (0.1802),[1578] Lactobacillus (0.179),[33958] Lactobacillaceae (0.179),[1647988] Akkermansiaceae (0.179),[83763] Succinivibrionaceae (0.179),[83770] Succinivibrio (0.179),[239934] Akkermansia (0.1578),[200643] Bacteroidia (-0.1538),[203691] Spirochaetota (0.1476),[31979] Clostridiaceae (0.1476),[563835] Chitinophagaceae (0.1476),[1485] Clostridium (0.1476),[469] Acinetobacter (0.1476),[213483] Pseudobdellovibrionaceae (0.1476),[404402] Howardella (0.1476),[61170] Holdemania (0.1476),[649460] Filimonas (0.1476),[102106] Collinsella (0.1476),[1411023] unclassified Peptostreptococcaceae (0.1476),[157] Treponema (0.1476),[33024] Phascolarctobacterium (0.1476),[204428] Chlamydiota (0.1476),[186807] Peptococcaceae (0.1476),[112] Planctomycetales (0.1476),[32061] Chloroflexia (0.1476),[31977] Veillonellaceae (0.1476)
Fruit And Vegetable Supplementation,diets,Type 2,[140625] Lachnobacterium (-0.0),[1263] Ruminococcus (-0.0),[186826] Lactobacillales (0.0),[1228827] Influenza A virus) (-0.0),[216851] Faecalibacterium (0.0),,,,,,,,,,,,,,,,,,,,,,,,,
Mediterranean Diet,diets,Type 2,[853] Faecalibacterium prausnitzii (0.2989),[841] Roseburia (0.1588),[838] Prevotella (0.157),[1239] Bacillota (0.1478),[46503] Parabacteroides merdae (-0.1476),[33039] [Ruminococcus] torques (-0.1476),[292800] Flavonifractor plautii (-0.1476),[33038] Mediterraneibacter gnavus (-0.1476),[Probiotic] Streptococcus thermophilus (-0.1476),[1550024] Ruthenibacterium lactatiformans (-0.1476),[186803] Lachnospiraceae (0.1476),[216572] Oscillospiraceae (0.1177),[31979] Clostridiaceae (0.1177),[39496] Eubacterium ventriosum (-0.1177),[823] Parabacteroides distasonis (0.0298),[1357] Lactococcus (0.0205),[1578] Lactobacillus (0.0205),[207244] Anaerostipes (0.0204),[649756] Anaerostipes hadrus (0.0204),[2048137] Agathobaculum (0.0204),[1628085] Agathobaculum butyriciproducens (0.0204),[816] Bacteroides (-0.0204),[818] Bacteroides thetaiotaomicron (0.0186),[1680] Bifidobacterium adolescentis (0.0186),[Probiotic] Bifidobacterium longum (0.0186),[171550] Rikenellaceae (-0.0164),[189330] Dorea (-0.0164),[180162] Cetobacterium (0.0164),[102106] Collinsella (-0.0164),[100883] Coprobacillus (-0.0164)
Partially Hydrolyzed Guar Gum Supplementation,diets,Type 2,[1263] Ruminococcus (0.0409),[1678] Bifidobacterium (0.0205),[33024] Phascolarctobacterium (-0.0205),[906] Megasphaera (0.0205),[1407607] Fusicatenibacter (0.0204),[572511] Blautia (-0.0204),[216851] Faecalibacterium (0.0204),[841] Roseburia (-0.0204),[186803] Lachnospiraceae (-0.0204),[41200] Bifidobacterium sp. (0.0078),[1485] Clostridium (-0.0006),[816] Bacteroides (-0.0),[1769710] Sellimonas (0.0),[2039302] Monoglobus (-0.0),[189330] Dorea (-0.0),[577309] Paraprevotella (0.0),[872] Desulfovibrio (0.0),[200940] Thermodesulfobacteriota (0.0),[33039] [Ruminococcus] torques (-0.0),,,,,,,,,,,
Cellulose,diets,Type 2,[186803] Lachnospiraceae (0.0761),[2049040] Roseburia sp. (0.066),[41978] Ruminococcus sp. (-0.066),[853] Faecalibacterium prausnitzii (-0.066),[1591] Lactobacillus sp. (0.0111),[186802] Eubacteriales (0.0101),[191303] Turicibacter (0.0101),[1263] Ruminococcus (0.0101),,,,,,,,,,,,,,,,,,,,,,
Gluten-Free Diet,diets,Type 2,[1678] Bifidobacterium (-0.1557),[418240] Blautia wexlerae (-0.1174),[39488] Anaerobutyricum hallii (-0.1174),[189330] Dorea (-0.1174),[88431] Dorea longicatena (-0.1174),[1578] Lactobacillus (-0.0383),[816] Bacteroides (-0.0325),[39491] Agathobacter rectalis (-0.0325),[1537] Romboutsia lituseburensis (-0.0325),[1498] Hathewaya histolytica (-0.0325),[1532] Blautia coccoides (-0.0325),[838] Prevotella (-0.0325),[853] Faecalibacterium prausnitzii (-0.0325),[1380] Atopobium (-0.0325),[562] Escherichia coli (-0.0267),[815] Bacteroidaceae (0.0223),[186803] Lachnospiraceae (-0.0223),[543] Enterobacteriaceae (0.0058),[Probiotic] Bifidobacterium longum (-0.0058),[Probiotic] Bifidobacterium bifidum (0.0),[255528] Victivallaceae (0.0),[84107] Coriobacteriaceae (0.0),[31979] Clostridiaceae (0.0),[301302] Roseburia faecis (-0.0),[33038] Mediterraneibacter gnavus (-0.0),[31977] Veillonellaceae (-0.0),[84108] Slackia (0.0),,,
Probiotics Containing _Bifidobacterium Longum_,diets,Type Probiotics,,,,,,,,,,,,,,,,,,,,,,,,,,,,,,
High-Spiced Diet,diets,Type 2,[216572] Oscillospiraceae (0.0072),[171550] Rikenellaceae (0.0072),[1263] Ruminococcus (0.0072),[216851] Faecalibacterium (0.0072),,,,,,,,,,,,,,,,,,,,,,,,,,
Vitamin B12,diets,Type 2,[84108] Slackia (0.0325),[1588752] unclassified Coriobacteriales (0.0325),[216572] Oscillospiraceae (0.0325),[95818] Candidatus Saccharibacteria (0.0107),[1224] Pseudomonadota (0.0107),[1117] Cyanobacteriota (0.0107),[201174] Actinomycetota (-0.0107),[816] Bacteroides (-0.0072),[838] Prevotella (0.0072),[28050] Lachnospira (-0.0041),[Probiotic] Akkermansia muciniphila (-0.0002),[29523] Bacteroides sp. (0.0002),[418240] Blautia wexlerae (-0.0002),[74201] Verrucomicrobiota (-0.0002),[630129] Bifidobacterium catenulatum subsp. kashiwanohense (-0.0002),[848] Fusobacterium (0.0),[543] Enterobacteriaceae (-0.0),[469] Acinetobacter (0.0),,,,,,,,,,,,
Vitamin C,diets,Type 2,[200643] Bacteroidia (-0.0386),[1898203] Lachnospiraceae bacterium (-0.0325),[186803] Lachnospiraceae (0.03),[745368] Gemmiger formicilis (-0.0269),[1350] Enterococcus (-0.0269),[816] Bacteroides (-0.0223),[171549] Bacteroidales (-0.0223),[815] Bacteroidaceae (-0.0223),[95818] Candidatus Saccharibacteria (0.0107),[1224] Pseudomonadota (0.0107),[1117] Cyanobacteriota (-0.0107),[201174] Actinomycetota (0.0107),[160404] Anaerotignum lactatifermentans (-0.0103),[572511] Blautia (-0.0063),[33042] Coprococcus (0.0036),[1680] Bifidobacterium adolescentis (0.0031),[74426] Collinsella aerofaciens (0.0031),[487174] Barnesiella intestinihominis (0.0031),[31953] Bifidobacteriaceae (0.0031),[186802] Eubacteriales (0.0),[1678] Bifidobacterium (0.0),[1239] Bacillota (0.0),,,,,,,,
Psyllium Supplementation,diets,Type 2,[29465] Veillonella (0.0178),[292632] Subdoligranulum (-0.0178),,,,,,,,,,,,,,,,,,,,,,,,,,,,
Plant-Based Diet,diets,Type 2,[39948] Dialister (0.0206),[239759] Alistipes (0.0206),[Pathogen] Clostridioides difficile (0.0206),[816] Bacteroides (0.0206),[838] Prevotella (0.0206),[39491] Agathobacter rectalis (0.0206),[375288] Parabacteroides (0.0206),[853] Faecalibacterium prausnitzii (0.0206),[1735] Holdemanella biformis (0.0206),[119853] Oscillospira guilliermondii (0.0206),,,,,,,,,,,,,,,,,,,,
Fermented Soy Milk,diets,Type 2,[41200] Bifidobacterium sp. (0.0),[1591] Lactobacillus sp. (0.0),,,,,,,,,,,,,,,,,,,,,,,,,,,,
Specific Carbohydrate Diet,diets,Type 2,[201174] Actinomycetota (-0.0026),[42895] Enterobacter sp. (0.0),[861] Fusobacterium ulcerans (-0.0),[1884818] Escherichia sp. (0.0),,,,,,,,,,,,,,,,,,,,,,,,,,
Raspberries,diets,Type 2,[33038] Mediterraneibacter gnavus (-0.0072),[Probiotic] Streptococcus thermophilus (-0.0072),[1643826] Eggerthellaceae (0.0072),[31979] Clostridiaceae (0.0072),[841] Roseburia (0.0072),[39485] Lachnospira eligens (0.0072),,,,,,,,,,,,,,,,,,,,,,,,
Vegetables,diets,Type 2,[74426] Collinsella aerofaciens (-0.0103),[515620] [Eubacterium] eligens ATCC 27750 (0.0103),[292800] Flavonifractor plautii (-0.0103),[1407607] Fusicatenibacter (-0.0001),,,,,,,,,,,,,,,,,,,,,,,,,,
Probiotics Containing _Limosilactobacillus Reuteri_,diets,Type Probiotics,,,,,,,,,,,,,,,,,,,,,,,,,,,,,,
Fermented Dairy,diets,Type 2,[158846] Megamonas (-0.0),,,,,,,,,,,,,,,,,,,,,,,,,,,,,
Saccharides,diets,Type 2,[201174] Actinomycetota (-0.1018),,,,,,,,,,,,,,,,,,,,,,,,,,,,,
High-Fat/Low-Fiber Diet,diets,Type 2,[816] Bacteroides (0.114),,,,,,,,,,,,,,,,,,,,,,,,,,,,,
Inulin-Type Fructans,diets,Type 2,[1678] Bifidobacterium (0.2511),[201174] Actinomycetota (0.1805),[329854] Bacteroides intestinalis (-0.1586),[1743] Propionibacterium (-0.1475),[Probiotic] Lactobacillus gasseri (0.1475),[200643] Bacteroidia (-0.1475),[853] Faecalibacterium prausnitzii (0.1475),[821] Phocaeicola vulgatus (-0.1475),[1239] Bacillota (0.1306),[31953] Bifidobacteriaceae (0.0597),[216851] Faecalibacterium (0.0325),[216572] Oscillospiraceae (0.0325),[186802] Eubacteriales (0.0268),[28026] Bifidobacterium pseudocatenulatum (0.0223),[1680] Bifidobacterium adolescentis (0.0223),[Probiotic] Bifidobacterium longum (0.0223),[189330] Dorea (-0.0219),[186803] Lachnospiraceae (0.0214),[1654] Actinomyces (0.0161),[1268] Micrococcaceae (0.0161),[2049] Actinomycetaceae (0.0161),[57494] Nesterenkonia (0.0161),[544447] unclassified Erysipelotrichaceae (0.0157),[194924] Desulfovibrionaceae (-0.0157),[2676048] Schaedlerella (0.0157),[35829] Acetivibrio (0.0157),[665942] Desulfovibrio sp. 6_1_46AFAA (-0.0157),[674963] Succinatimonas (0.0157),[6264] Toxocara (0.0157),[207244] Anaerostipes (0.0157)
Monounsaturated Fats,diets,Type 2,[1239] Bacillota (0.1018),[200643] Bacteroidia (0.1018),[201174] Actinomycetota (-0.1018),[1678] Bifidobacterium (-0.0072),[572511] Blautia (0.0),[186807] Peptococcaceae (-0.0),[1532] Blautia coccoides (0.0),[375288] Parabacteroides (0.0),[543] Enterobacteriaceae (0.0),[838] Prevotella (0.0),[142587] Isobaculum (-0.0),[191303] Turicibacter (0.0),[76008] Fusibacter (0.0),[70992] Flexithrix (0.0),,,,,,,,,,,,,,,,
Resistant Starch Type 3,diets,Type 2,[40518] Ruminococcus bromii (0.0072),[841] Roseburia (0.0072),[1263] Ruminococcus (0.0072),[572511] Blautia (-0.0072),[301302] Roseburia faecis (0.0072),[39491] Agathobacter rectalis (0.0072),[853] Faecalibacterium prausnitzii (0.0072),,,,,,,,,,,,,,,,,,,,,,,
Korean Red Ginseng,diets,Type 2,[1224] Pseudomonadota (-0.0365),[171549] Bacteroidales (-0.034),[33024] Phascolarctobacterium (0.034),[102106] Collinsella (0.017),[1716] Corynebacterium (0.017),[1473205] Senegalimassilia (0.017),[547] Enterobacter (0.017),[848] Fusobacterium (-0.017),[212719] Piliocolobus badius lymphocryptovirus 1 (0.017),[239934] Akkermansia (-0.017),[3025755] Thomasclavelia (-0.017),[1350] Enterococcus (0.017),[1578] Lactobacillus (0.017),[1516129] Candidatus Saccharibacteria bacterium UB2523 (0.017),[Pathogen] Vibrio vulnificus (-0.017),[46255] Weissella (0.017),[1357] Lactococcus (0.017),[1783273] Patescibacteria group (0.017),[74201] Verrucomicrobiota (-0.017),[203491] Fusobacteriales (-0.017),[662] Vibrio (-0.017),[171552] Prevotellaceae (-0.017),[570] Klebsiella (-0.017),[186803] Lachnospiraceae (-0.017),[33042] Coprococcus (-0.017),[1432051] Eisenbergiella (0.017),[397864] Barnesiella (0.017),[216572] Oscillospiraceae (0.017),[135858] Catenibacterium (0.017),
Non-Seafood Diet,diets,Type 2,,,,,,,,,,,,,,,,,,,,,,,,,,,,,,
Fermented Red Ginseng,diets,Type 2,[28050] Lachnospira (0.0409),[40520] Blautia obeum (-0.0204),[80840] Burkholderiales (0.0204),[1769710] Sellimonas (-0.0204),[216851] Faecalibacterium (0.0204),[171551] Porphyromonadaceae (0.0204),[375288] Parabacteroides (0.0204),[995019] Sutterellaceae (0.0204),[823] Parabacteroides distasonis (0.0204),[28216] Betaproteobacteria (0.0204),,,,,,,,,,,,,,,,,,,,
Avocado,diets,Type 2,[216851] Faecalibacterium (0.0073),[841] Roseburia (-0.0073),[28050] Lachnospira (0.0073),[1263] Ruminococcus (-0.0073),[239759] Alistipes (0.0073),[31977] Veillonellaceae (0.005),[171552] Prevotellaceae (0.005),[995019] Sutterellaceae (0.005),[35829] Acetivibrio (0.005),[39948] Dialister (0.005),[40544] Sutterella (0.005),[2316] Methanosphaera (-0.005),[216572] Oscillospiraceae (0.005),[35832] Bilophila (0.005),[1573535] Holdemanella (0.005),[963] Herbaspirillum (0.005),,,,,,,,,,,,,,
Magnesium,diets,Type 2,[1678] Bifidobacterium (-0.0385),[31953] Bifidobacteriaceae (-0.0385),[85004] Bifidobacteriales (-0.0385),[201174] Actinomycetota (-0.0279),[165179] Segatella copri (0.0224),[39496] Eubacterium ventriosum (0.0224),[116085] Coprococcus catus (0.0224),[100886] Catenibacterium mitsuokai (0.0224),[40520] Blautia obeum (0.0224),[39486] Dorea formicigenerans (0.0224),[638849] Pyramidobacter piscolens (0.0224),[89153] [Clostridium] hylemonae (0.0224),[28127] Hoylesella buccalis (0.0224),[1239] Bacillota (0.0107),[200643] Bacteroidia (-0.0107),[1224] Pseudomonadota (0.0107),[95818] Candidatus Saccharibacteria (0.0107),[29465] Veillonella (0.0103),[40545] Sutterella wadsworthensis (0.0103),[301301] Roseburia hominis (0.0103),[35493] Streptophyta (0.0103),[515620] [Eubacterium] eligens ATCC 27750 (0.0103),[1535] [Clostridium] leptum (-0.0103),[74426] Collinsella aerofaciens (-0.0103),,,,,,
High-Carbohydrate/Low-Fat Diet,diets,Type 2,[1678] Bifidobacterium (0.0121),,,,,,,,,,,,,,,,,,,,,,,,,,,,,
Flaxseed,diets,Type 2,[186803] Lachnospiraceae (0.0206),[1263] Ruminococcus (0.0206),[990721] Christensenella (0.0206),[838] Prevotella (0.0206),[1506553] Lachnoclostridium (-0.0205),[1578] Lactobacillus (0.0205),[1508657] Ruminiclostridium (0.0205),[172900] Victivallis (0.0205),[283168] Odoribacter (-0.0205),[1473205] Senegalimassilia (0.0205),[848] Fusobacterium (-0.0205),[570] Klebsiella (0.0205),[638847] Pyramidobacter (-0.0166),[46228] [Ruminococcus] lactaris (-0.0058),[853] Faecalibacterium prausnitzii (-0.0058),[1239] Bacillota (-0.0038),[28090] Acinetobacter lwoffii (0.0038),[286] Pseudomonas (0.0038),[572511] Blautia (0.0038),[169135] Ruminococcus sp. 16442 (0.0038),[469] Acinetobacter (0.0038),[301301] Roseburia hominis (0.0038),[1501226] Romboutsia (-0.0038),[841] Roseburia (0.0038),[216851] Faecalibacterium (-0.0038),[508458] Synergistota (0.0038),[47878] Pseudomonas azotoformans (0.0038),[40520] Blautia obeum (0.0038),[638849] Pyramidobacter piscolens (0.0038),[186802] Eubacteriales (0.0038)
Probiotics Containing _Lactobacillus Johnsonii_,diets,Type Probiotics,,,,,,,,,,,,,,,,,,,,,,,,,,,,,,
Alcoholic Beverages,diets,Type 2,[310297] Phocaeicola plebeius (0.0167),[416586] Selenomonas bovis (-0.0167),[106588] Pseudoflavonifractor capillosus (0.0167),[816] Bacteroides (0.0167),[1017280] Pseudoflavonifractor (0.0167),[970] Selenomonas (-0.0167),[328812] Parabacteroides goldsteinii (0.0103),[1301] Streptococcus (0.0103),,,,,,,,,,,,,,,,,,,,,,
Riboflavin,diets,Type 2,[200643] Bacteroidia (-0.0223),,,,,,,,,,,,,,,,,,,,,,,,,,,,,
Prebiotic Treatment,diets,Type 2,[1678] Bifidobacterium (0.0207),[204441] Rhodospirillales (0.0114),[1357] Lactococcus (0.0114),[186803] Lachnospiraceae (0.0114),[1766253] Agathobacter (0.0114),[1407607] Fusicatenibacter (-0.0114),[1301] Streptococcus (-0.0114),[239934] Akkermansia (0.0114),[1283313] Alloprevotella (0.0114),[33039] [Ruminococcus] torques (-0.0114),[1578] Lactobacillus (-0.0114),[838] Prevotella (0.0114),[816] Bacteroides (-0.0114),[171552] Prevotellaceae (0.0114),[200643] Bacteroidia (-0.0112),[1239] Bacillota (-0.0112),,,,,,,,,,,,,,
Resistant Starch,diets,Type 2,[1678] Bifidobacterium (0.0287),[200643] Bacteroidia (0.0221),[204475] Gemmiger (0.0204),[1263] Ruminococcus (0.0204),[186803] Lachnospiraceae (-0.0157),[135858] Catenibacterium (-0.0157),[438033] Ruminococcus gauvreauii (-0.0157),[1501226] Romboutsia (-0.0157),[1161942] Ruminococcus champanellensis (-0.0157),[841] Roseburia (0.0157),[33042] Coprococcus (-0.0157),[39948] Dialister (-0.0157),[186801] Clostridia (-0.0157),[40518] Ruminococcus bromii (0.0136),[189330] Dorea (-0.0127),[515620] [Eubacterium] eligens ATCC 27750 (-0.0102),[33024] Phascolarctobacterium (-0.0102),[572511] Blautia (-0.0102),[816] Bacteroides (-0.0102),[39485] Lachnospira eligens (-0.0102),[1573535] Holdemanella (-0.0102),[1506553] Lachnoclostridium (-0.0102),[207244] Anaerostipes (-0.0102),[3068309] Ruminococcaceae bacterium UCG-005 (0.0102),[577309] Paraprevotella (-0.0102),[216572] Oscillospiraceae (0.0094),[41200] Bifidobacterium sp. (0.0072),[214856] Alistipes finegoldii (0.0072),[1872444] Alistipes sp. (0.0072),[1971605] Faecalibacterium sp. (0.0072)
Thiamine,diets,Type 2,[186803] Lachnospiraceae (0.0),[158846] Megamonas (0.0),,,,,,,,,,,,,,,,,,,,,,,,,,,,
Plant Protein,diets,Type 2,[2316020] Mediterraneibacter (0.0001),,,,,,,,,,,,,,,,,,,,,,,,,,,,,
Iron Supplementation,diets,Type 2,[189330] Dorea (-0.1476),[74426] Collinsella aerofaciens (-0.1476),[40518] Ruminococcus bromii (-0.1476),[1678] Bifidobacterium (0.1476),[853] Faecalibacterium prausnitzii (-0.1418),[1239] Bacillota (-0.0113),[200643] Bacteroidia (0.0113),[1591] Lactobacillus sp. (-0.0058),[39488] Anaerobutyricum hallii (0.0058),[816] Bacteroides (-0.0058),,,,,,,,,,,,,,,,,,,,
Tea,diets,Type 2,[116085] Coprococcus catus (0.0078),[102106] Collinsella (0.0078),[28116] Bacteroides ovatus (-0.0078),[84107] Coriobacteriaceae (0.0078),[1263] Ruminococcus (0.0078),[74426] Collinsella aerofaciens (0.0078),[283168] Odoribacter (0.0078),[84999] Coriobacteriales (0.0078),[33042] Coprococcus (0.0078),[39486] Dorea formicigenerans (0.0078),[84998] Coriobacteriia (0.0078),[119852] Oscillospira (0.0078),,,,,,,,,,,,,,,,,,
Sardine,diets,Type 2,[1239] Bacillota (-0.0),[562] Escherichia coli (0.0),[816] Bacteroides (0.0),[838] Prevotella (0.0),,,,,,,,,,,,,,,,,,,,,,,,,,
Low-Fat Diet,diets,Type 2,[572511] Blautia (0.1476),[216851] Faecalibacterium (0.1476),[853] Faecalibacterium prausnitzii (0.0132),[Probiotic] Akkermansia muciniphila (0.0132),[225084] Erysipelothrix inopinata (-0.0112),[626929] Bacteroides clarus (-0.0112),[990719] Christensenellaceae (0.0111),[186807] Peptococcaceae (0.0111),[2740] Peptococcus (0.0111),[91061] Bacilli (0.0111),[1300] Streptococcaceae (0.0111),[2518971] Duncaniella dubosii (0.0111),[186826] Lactobacillales (0.0111),[1501391] Alistipes inops (0.0111),[1301] Streptococcus (0.0111),[2049040] Roseburia sp. (0.0111),[990721] Christensenella (0.0111),,,,,,,,,,,,,
Sodium,diets,Type 2,[201174] Actinomycetota (0.0107),[200643] Bacteroidia (0.0107),[1224] Pseudomonadota (0.0107),[95818] Candidatus Saccharibacteria (-0.0107),[1239] Bacillota (0.0107),[28050] Lachnospira (-0.0041),[46506] Bacteroides stercoris (0.0),,,,,,,,,,,,,,,,,,,,,,,
Protein Supplements,diets,Type 1,[946234] Flavonifractor (0.0223),[1407607] Fusicatenibacter (0.0223),[572511] Blautia (0.0223),[1301] Streptococcus (-0.0223),[1378] Gemella (0.0223),[904] Acidaminococcus (0.0223),[841] Roseburia (0.0223),[186803] Lachnospiraceae (0.0223),[1263] Ruminococcus (0.0223),[29465] Veillonella (0.0223),[1253] Pediococcus (-0.0223),[31977] Veillonellaceae (0.0223),[216851] Faecalibacterium (0.0223),[1350] Enterococcus (-0.0223),[1578] Lactobacillus (0.0223),[539002] Bacillales incertae sedis (0.0223),,,,,,,,,,,,,,
Chicory Inulin,diets,Type 2,[Probiotic] Bifidobacterium bifidum (0.0242),[1680] Bifidobacterium adolescentis (0.0242),[Probiotic] Bifidobacterium longum (0.0242),[649756] Anaerostipes hadrus (0.0242),,,,,,,,,,,,,,,,,,,,,,,,,,
Flourine,diets,Type 2,[1239] Bacillota (0.0107),[1117] Cyanobacteriota (-0.0107),[200643] Bacteroidia (-0.0107),[201174] Actinomycetota (0.0107),[1224] Pseudomonadota (0.0107),[95818] Candidatus Saccharibacteria (0.0107),,,,,,,,,,,,,,,,,,,,,,,,
Calcium,diets,Type 2,[1224] Pseudomonadota (0.0107),[200643] Bacteroidia (-0.0107),[95818] Candidatus Saccharibacteria (0.0107),[201174] Actinomycetota (0.0107),[1117] Cyanobacteriota (0.0107),[1239] Bacillota (0.0107),[218538] Dialister invisus (0.0103),[729] Haemophilus parainfluenzae (0.0103),[357276] Phocaeicola dorei (0.0103),[649756] Anaerostipes hadrus (-0.0103),,,,,,,,,,,,,,,,,,,,
Tart Cherry Juice,diets,Type 2,[216851] Faecalibacterium (-0.0185),[1263] Ruminococcus (0.0185),,,,,,,,,,,,,,,,,,,,,,,,,,,,
Fried Meat,diets,Type 2,[946234] Flavonifractor (-0.0741),[29465] Veillonella (0.0741),[189330] Dorea (0.0741),[186803] Lachnospiraceae (-0.0741),[39948] Dialister (0.0741),,,,,,,,,,,,,,,,,,,,,,,,,
Resistant Starch Type 2 Supplementation,diets,Type 2,[1263] Ruminococcus (0.0204),[204475] Gemmiger (0.0204),[1501226] Romboutsia (-0.0157),[135858] Catenibacterium (-0.0157),[33042] Coprococcus (-0.0157),[841] Roseburia (0.0157),[39948] Dialister (-0.0157),[216572] Oscillospiraceae (0.0157),[438033] Ruminococcus gauvreauii (-0.0157),[200643] Bacteroidia (0.0157),[186803] Lachnospiraceae (-0.0157),[186801] Clostridia (-0.0157),[1161942] Ruminococcus champanellensis (-0.0157),[515620] [Eubacterium] eligens ATCC 27750 (-0.0102),[1573535] Holdemanella (-0.0102),[577309] Paraprevotella (-0.0102),[33024] Phascolarctobacterium (-0.0102),[39485] Lachnospira eligens (-0.0102),[207244] Anaerostipes (-0.0102),[816] Bacteroides (-0.0102),[1506553] Lachnoclostridium (-0.0102),[3068309] Ruminococcaceae bacterium UCG-005 (0.0102),[572511] Blautia (-0.0102),[189330] Dorea (-0.0063),[39491] Agathobacter rectalis (0.0063),[40518] Ruminococcus bromii (0.0063),,,,
Low Moderate-to-Vigorous Physical Activity,lifestyles,Type 2,[543] Enterobacteriaceae (0.0088),[1737406] Tissierellaceae (0.0088),[28050] Lachnospira (-0.0088),[189330] Dorea (-0.0088),[171549] Bacteroidales (-0.0088),[91347] Enterobacterales (0.0088),,,,,,,,,,,,,,,,,,,,,,,,
Fructose,diets,Type 2,[1301] Streptococcus (-0.0325),[1730] Eubacterium (-0.0325),[Probiotic] Streptococcus thermophilus (-0.0325),[39485] Lachnospira eligens (-0.0325),,,,,,,,,,,,,,,,,,,,,,,,,,
Probiotics Containing _Latilactobacillus Sakei_,diets,Type Probiotics,,,,,,,,,,,,,,,,,,,,,,,,,,,,,,
Buttermilk,diets,Type 2,[1678] Bifidobacterium (0.148),[2040332] Dorea sp. (-0.148),,,,,,,,,,,,,,,,,,,,,,,,,,,,
Iron,diets,Type 2,[1678] Bifidobacterium (0.1476),[189330] Dorea (-0.1476),[40518] Ruminococcus bromii (-0.1476),[74426] Collinsella aerofaciens (-0.1476),[853] Faecalibacterium prausnitzii (-0.1418),[1505652] Terrisporobacter (0.0385),[1906119] Candidatus Gastranaerophilales (0.0385),[1798710] Candidatus Melainabacteria (0.0385),[Pathogen] Shigella (0.0385),[561] Escherichia (0.0385),[543] Enterobacteriaceae (0.0385),[1224] Pseudomonadota (0.0107),[201174] Actinomycetota (0.0107),[95818] Candidatus Saccharibacteria (0.0107),[1535] [Clostridium] leptum (-0.0103),[39488] Anaerobutyricum hallii (0.0058),[816] Bacteroides (-0.0058),[1591] Lactobacillus sp. (-0.0058),[28050] Lachnospira (-0.0041),[1239] Bacillota (-0.0006),[200643] Bacteroidia (0.0006),[1263] Ruminococcus (0.0),[102106] Collinsella (0.0),[1578] Lactobacillus (-0.0),[292632] Subdoligranulum (0.0),,,,,
Broccoli,diets,Type 2,[1239] Bacillota (-0.0185),[816] Bacteroides (0.0185),[200643] Bacteroidia (0.0185),,,,,,,,,,,,,,,,,,,,,,,,,,,
Folate,diets,Type 2,[Probiotic] Bifidobacterium bifidum (-0.0103),[74426] Collinsella aerofaciens (-0.0103),[29465] Veillonella (0.0103),[838] Prevotella (0.0072),[841] Roseburia (0.0072),,,,,,,,,,,,,,,,,,,,,,,,,
Bamboo Shoots,diets,Type 2,[561] Escherichia (0.0036),[848] Fusobacterium (0.0036),[397864] Barnesiella (-0.0036),,,,,,,,,,,,,,,,,,,,,,,,,,,
Monosaccharides,diets,Type 2,[1730] Eubacterium (-0.1476),[189330] Dorea (-0.1476),[574697] Butyricimonas (-0.0),,,,,,,,,,,,,,,,,,,,,,,,,,,
Processed Meats,diets,Type 2,[189330] Dorea (-0.0216),[375288] Parabacteroides (0.0216),[2316020] Mediterraneibacter (-0.0216),[841] Roseburia (-0.0216),,,,,,,,,,,,,,,,,,,,,,,,,,
Seaweed,diets,Type 2,[816] Bacteroides (0.0),[1239] Bacillota (0.0),,,,,,,,,,,,,,,,,,,,,,,,,,,,
Fermented Oat Milk,diets,Type 2,[1578] Lactobacillus (0.0204),[32066] Fusobacteriota (-0.0204),[1263] Ruminococcus (0.0204),[292632] Subdoligranulum (0.0204),[207244] Anaerostipes (-0.0204),,,,,,,,,,,,,,,,,,,,,,,,,
Vitamin K,diets,Type 2,[1224] Pseudomonadota (-0.0107),[1117] Cyanobacteriota (-0.0107),[1239] Bacillota (0.0107),[200643] Bacteroidia (0.0107),[201174] Actinomycetota (0.0107),[95818] Candidatus Saccharibacteria (0.0107),[816] Bacteroides (-0.0013),[1678] Bifidobacterium (0.0013),[186826] Lactobacillales (0.0006),,,,,,,,,,,,,,,,,,,,,
Eggs,diets,Type 2,[52784] Anaerofilum (-0.0208),[1766253] Agathobacter (-0.0208),[39496] Eubacterium ventriosum (-0.0208),[1678] Bifidobacterium (0.0208),[543] Enterobacteriaceae (0.0208),[1470353] Candidatus Soleaferrea (-0.0208),[33043] Coprococcus eutactus (0.0103),[418240] Blautia wexlerae (-0.0103),[135622] Alteromonadales (-0.0097),[100884] Coprobacillus cateniformis (-0.0097),[100883] Coprobacillus (-0.0097),[186828] Carnobacteriaceae (-0.0097),[267890] Shewanellaceae (-0.0097),[38313] Shewanella algae (-0.0097),[3031852] Epsilonproteobacteria (-0.0097),[213849] Campylobacterales (-0.0097),[Pathogen] Campylobacter (-0.0097),[22] Shewanella (-0.0097),[72294] Campylobacteraceae (-0.0097),[2049024] Coprococcus sp. (-0.0097),,,,,,,,,,
Niacin,diets,Type 2,[171549] Bacteroidales (-0.0446),[200643] Bacteroidia (-0.0446),[1239] Bacillota (0.0107),[95818] Candidatus Saccharibacteria (0.0107),[201174] Actinomycetota (0.0107),[1224] Pseudomonadota (0.0107),[375288] Parabacteroides (-0.0032),[186803] Lachnospiraceae (0.0031),[216851] Faecalibacterium (0.0031),,,,,,,,,,,,,,,,,,,,,
Pulses,diets,Type 2,[363265] Leyella stercorea (0.0167),[28050] Lachnospira (-0.0),[1578] Lactobacillus (-0.0),,,,,,,,,,,,,,,,,,,,,,,,,,,
Lactose,diets,Type 2,[1678] Bifidobacterium (0.1476),[201174] Actinomycetota (0.1476),[572511] Blautia (0.0011),,,,,,,,,,,,,,,,,,,,,,,,,,,
Vitamin D Supplementation,diets,Type 2,[572511] Blautia (-0.1389),[244127] Anaerotruncus (-0.1265),[119852] Oscillospira (-0.1184),[1239] Bacillota (0.1119),[29465] Veillonella (-0.0335),[194924] Desulfovibrionaceae (-0.0325),[Probiotic] Bifidobacterium longum (0.0325),[410072] Coprococcus comes (0.0325),[Probiotic] Streptococcus salivarius (0.0325),[88431] Dorea longicatena (0.0325),[84107] Coriobacteriaceae (0.0325),[239759] Alistipes (0.0244),[1357] Lactococcus (0.0224),[33024] Phascolarctobacterium (0.0223),[283168] Odoribacter (-0.0214),[375288] Parabacteroides (0.0213),[28050] Lachnospira (0.0204),[128827] Erysipelotrichaceae (-0.019),[1816678] Christensenella timonensis (0.0179),[35517] [Eubacterium] brachy (-0.0179),[310298] Phocaeicola coprocola (-0.0179),[376806] Bacteroides gallinarum (0.0179),[55565] Actinomyces graevenitzii (-0.0179),[33968] Leuconostoc pseudomesenteroides (0.0179),[33031] Peptoniphilus lacrimalis (-0.0179),[995019] Sutterellaceae (0.0166),[561] Escherichia (-0.0166),[990719] Christensenellaceae (0.0166),[1678] Bifidobacterium (0.014),[239934] Akkermansia (0.0136)
Grape Pomace,diets,Type 2,[2840482] Coriobacteriaceae incertae sedis (-0.0),[577309] Paraprevotella (0.0),[1643826] Eggerthellaceae (-0.0),[1300] Streptococcaceae (0.0),[1582879] Ezakiella (-0.0),[162289] Peptoniphilus (-0.0),[1473205] Senegalimassilia (-0.0),,,,,,,,,,,,,,,,,,,,,,,
Red Meat,diets,Type 2,[72294] Campylobacteraceae (0.0144),[171549] Bacteroidales (0.0144),[1239] Bacillota (-0.0144),[200643] Bacteroidia (0.0144),[85007] Mycobacteriales (-0.0144),[84107] Coriobacteriaceae (-0.0144),[1313211] Lentisphaeria (0.0144),[186802] Eubacteriales (-0.0144),[278082] Victivallales (0.0144),[186803] Lachnospiraceae (-0.0144),[1653] Corynebacteriaceae (-0.0144),[256845] Lentisphaerota (0.0144),[186801] Clostridia (-0.0144),[213849] Campylobacterales (0.0144),[255528] Victivallaceae (0.0144),[84999] Coriobacteriales (-0.0144),[84998] Coriobacteriia (-0.0144),[29547] Campylobacterota (0.0144),[815] Bacteroidaceae (0.0144),[171551] Porphyromonadaceae (0.0144),[186804] Peptostreptococcaceae (-0.0144),[1506] Clostridium sp. (-0.0063),,,,,,,,
High-Fiber Foods,diets,Type 2,[853] Faecalibacterium prausnitzii (0.1476),[818] Bacteroides thetaiotaomicron (-0.1476),[186802] Eubacteriales (0.1476),[194924] Desulfovibrionaceae (0.0548),[1678] Bifidobacterium (-0.0548),[216572] Oscillospiraceae (-0.0548),[216851] Faecalibacterium (-0.0548),[841] Roseburia (-0.0548),[1578] Lactobacillus (-0.0398),[118747] Bulleidia (-0.0),[572511] Blautia (-0.0),[2172] Methanobrevibacter (0.0),[189330] Dorea (0.0),,,,,,,,,,,,,,,,,
Polyunsaturated Fats,diets,Type 2,[84086] unclassified Bacillota (-0.1018),[1752188] unclassified Actinomycetota (0.1018),[33024] Phascolarctobacterium (-0.0325),[909930] Acidaminococcaceae (-0.0325),[1224] Pseudomonadota (0.0107),[200643] Bacteroidia (-0.0107),[1239] Bacillota (0.0107),[95818] Candidatus Saccharibacteria (0.0107),[201174] Actinomycetota (0.0107),[1117] Cyanobacteriota (-0.0107),[459786] Oscillibacter (0.0001),[2163168] Kineothrix (0.0001),[1392389] Intestinimonas (0.0001),,,,,,,,,,,,,,,,,
Bland Diet,diets,Type 2,[171550] Rikenellaceae (0.0072),[283168] Odoribacter (0.0072),,,,,,,,,,,,,,,,,,,,,,,,,,,,
High-Fiber Diet,diets,Type 2,[200643] Bacteroidia (0.0311),[1239] Bacillota (0.0107),[95818] Candidatus Saccharibacteria (-0.0107),[1117] Cyanobacteriota (-0.0107),[201174] Actinomycetota (0.0107),[1224] Pseudomonadota (-0.0107),[544448] Mycoplasmatota (0.0088),[2005519] Barnesiellaceae (-0.0088),[1263] Ruminococcus (-0.0088),[28211] Alphaproteobacteria (-0.0088),[207244] Anaerostipes (0.0051),[1407607] Fusicatenibacter (0.0051),[239759] Alistipes (-0.0),,,,,,,,,,,,,,,,,
Gallocatechin,diets,Type 2,[1654] Actinomyces (0.0409),[84998] Coriobacteriia (-0.0409),[2049] Actinomycetaceae (0.0409),,,,,,,,,,,,,,,,,,,,,,,,,,,
Medium-Chain Triglycerides-Diet,diets,Type 2,[841] Roseburia (-0.0008),[572511] Blautia (0.0008),[28050] Lachnospira (-0.0008),[1407607] Fusicatenibacter (0.0008),[816] Bacteroides (-0.0008),,,,,,,,,,,,,,,,,,,,,,,,,
Psyllium Husk Fiber,diets,Type 2,[1224] Pseudomonadota (-0.0138),[186801] Clostridia (0.0138),[543] Enterobacteriaceae (-0.0138),[203557] Verrucomicrobiaceae (-0.0138),[544448] Mycoplasmatota (0.0138),[821] Phocaeicola vulgatus (-0.0138),[91347] Enterobacterales (-0.0138),[508458] Synergistota (-0.0138),[216572] Oscillospiraceae (0.0138),[28890] Euryarchaeota (0.0138),[186802] Eubacteriales (0.0138),[32066] Fusobacteriota (-0.0138),[57723] Acidobacteriota (-0.0138),,,,,,,,,,,,,,,,,
Matcha,diets,Type 2,[580596] Butyricicoccus (0.0081),[189330] Dorea (-0.008),[119852] Oscillospira (0.008),[1263] Ruminococcus (0.0078),[848] Fusobacterium (-0.0001),[2753] Synergistes (-0.0001),[990721] Christensenella (-0.0001),[1266] Sarcina (-0.0001),[171550] Rikenellaceae (-0.0001),[191303] Turicibacter (-0.0001),[239759] Alistipes (-0.0001),[348841] unclassified Clostridia (-0.0001),[906] Megasphaera (-0.0001),[1279] Staphylococcus (0.0001),[638847] Pyramidobacter (-0.0001),[2383] Candidatus Epulonipiscium (-0.0001),[419014] Alloscardovia (-0.0001),[574697] Butyricimonas (-0.0001),[469] Acinetobacter (0.0001),[186807] Peptococcaceae (-0.0001),[33042] Coprococcus (0.0001),[2005519] Barnesiellaceae (-0.0001),[84111] Eggerthella (0.0001),[135858] Catenibacterium (-0.0001),[1080709] Methanomassiliicoccus (-0.0001),[216572] Oscillospiraceae (-0.0001),[724] Haemophilus (0.0001),,,
Polyphenol-Rich Diet,diets,Type 2,[1224] Pseudomonadota (-0.0157),[543] Enterobacteriaceae (-0.0157),[186826] Lactobacillales (-0.0157),[91061] Bacilli (-0.0157),[1236] Gammaproteobacteria (-0.0157),[201174] Actinomycetota (-0.0157),[186802] Eubacteriales (0.0157),[1301] Streptococcus (-0.0157),[186801] Clostridia (0.0157),[91347] Enterobacterales (-0.0157),[84107] Coriobacteriaceae (-0.0157),[1239] Bacillota (-0.0157),[872] Desulfovibrio (-0.0157),[194924] Desulfovibrionaceae (-0.0157),[580596] Butyricicoccus (0.0157),,,,,,,,,,,,,,,
Sodium Butyrate Supplement,diets,Type 2,[74201] Verrucomicrobiota (-0.0127),[544448] Mycoplasmatota (-0.0064),,,,,,,,,,,,,,,,,,,,,,,,,,,,
Renetta Canada Apple,diets,Type 2,[853] Faecalibacterium prausnitzii (0.0204),[201174] Actinomycetota (0.0204),[1678] Bifidobacterium (0.0204),[200643] Bacteroidia (-0.0204),[1224] Pseudomonadota (0.0204),,,,,,,,,,,,,,,,,,,,,,,,,
Oligofructose-Enriched Inulin,diets,Type 2,[Probiotic] Bifidobacterium longum (0.2137),[33038] Mediterraneibacter gnavus (-0.1476),[1678] Bifidobacterium (0.0773),[1680] Bifidobacterium adolescentis (0.0661),[438033] Ruminococcus gauvreauii (-0.0661),[821] Phocaeicola vulgatus (-0.0661),[201174] Actinomycetota (0.0661),[1573534] Faecalitalea (-0.0112),[360807] Roseburia inulinivorans (-0.0112),[1505652] Terrisporobacter (-0.0112),[1301] Streptococcus (-0.0112),,,,,,,,,,,,,,,,,,,
Intermittent Fasting,lifestyles,Type 2,[39491] Agathobacter rectalis (-0.1738),[88431] Dorea longicatena (-0.1456),[291645] Bacteroides nordii (0.1206),[218538] Dialister invisus (-0.1206),[169435] Anaerotruncus colihominis (0.1206),[1262888] Eubacterium sp. CAG:274 (0.1173),[333367] Enterocloster asparagiformis (0.1173),[2049040] Roseburia sp. (-0.1173),[1897015] Roseburia sp. 40_7 (-0.1173),[1506] Clostridium sp. (0.1173),[301301] Roseburia hominis (0.1173),[410072] Coprococcus comes (-0.1173),[142586] Eubacterium sp. (-0.1173),[1485] Clostridium (-0.0664),[580596] Butyricicoccus (0.0621),[186803] Lachnospiraceae (0.057),[33042] Coprococcus (-0.0567),[2719313] Enterocloster (-0.0564),[1407607] Fusicatenibacter (0.0564),[46503] Parabacteroides merdae (0.0564),[823] Parabacteroides distasonis (0.0564),[820] Bacteroides uniformis (0.0564),[818] Bacteroides thetaiotaomicron (0.0564),[1150298] Fusicatenibacter saccharivorans (0.0532),[816] Bacteroides (0.0531),[216572] Oscillospiraceae (0.0492),[216851] Faecalibacterium (0.0421),[990719] Christensenellaceae (0.0409),[577310] Parasutterella (0.0409),[3030910] Anaerovoracaceae (0.0409)
Inulin Supplementation,diets,Type 2,[1678] Bifidobacterium (0.0028),,,,,,,,,,,,,,,,,,,,,,,,,,,,,
Prebiotic Ug1601,diets,Type 2,[301301] Roseburia hominis (0.0),,,,,,,,,,,,,,,,,,,,,,,,,,,,,
Vitamin E,diets,Type 2,[40544] Sutterella (-0.1018),[1224] Pseudomonadota (-0.0912),[1239] Bacillota (0.0625),[200643] Bacteroidia (-0.0553),[171549] Bacteroidales (-0.0446),[1737406] Tissierellaceae (0.0446),[95818] Candidatus Saccharibacteria (0.0107),[201174] Actinomycetota (0.0107),[1117] Cyanobacteriota (-0.0107),[301302] Roseburia faecis (0.0103),[515620] [Eubacterium] eligens ATCC 27750 (0.0103),[186803] Lachnospiraceae (0.0072),,,,,,,,,,,,,,,,,,
Chinese Herbal Medicine,diets,Type 2,[397864] Barnesiella (0.12),[561] Escherichia (-0.12),[459786] Oscillibacter (0.12),[574697] Butyricimonas (0.12),[283168] Odoribacter (0.12),[816] Bacteroides (0.12),[1678] Bifidobacterium (-0.06),[375288] Parabacteroides (0.06),[46205] Pseudobutyrivibrio (0.06),[577310] Parasutterella (-0.06),[239759] Alistipes (0.06),[853] Faecalibacterium prausnitzii (0.06),[33042] Coprococcus (0.0383),[216851] Faecalibacterium (-0.0359),[204475] Gemmiger (-0.0359),[186928] unclassified Lachnospiraceae (0.0241),[572511] Blautia (0.0241),[1955243] Blautia sp. (0.0241),[841] Roseburia (0.0241),[158846] Megamonas (0.0241),[207244] Anaerostipes (0.0241),[2840493] Lachnospiraceae incertae sedis (0.0241),[1263] Ruminococcus (0.0142),[216572] Oscillospiraceae (-0.0),[186801] Clostridia (0.0),[1239] Bacillota (-0.0),[201174] Actinomycetota (-0.0),[815] Bacteroidaceae (-0.0),[447456] candidate division TM7 single-cell isolate TM7c (0.0),[838] Prevotella (-0.0)
Probiotics Containing _Bifidobacterium Animalis Subsp. Lactis_,diets,Type Probiotics,,,,,,,,,,,,,,,,,,,,,,,,,,,,,,
Resistant Starch Type 3 Supplementation,diets,Type 2,[100176] Papillibacter cinnamivorans (-0.0598),[1535] [Clostridium] leptum (0.0598),[40518] Ruminococcus bromii (0.0598),[44749] Sporobacter termitidis (0.0598),[186803] Lachnospiraceae (-0.0598),[29343] [Clostridium] cellulosi (0.0598),[39491] Agathobacter rectalis (0.0598),[360807] Roseburia inulinivorans (-0.0598),[119853] Oscillospira guilliermondii (0.0598),[239759] Alistipes (0.0598),,,,,,,,,,,,,,,,,,,,
Fat,diets,Type 2,[821] Phocaeicola vulgatus (0.1479),[1239] Bacillota (0.0107),[201174] Actinomycetota (0.0107),[95818] Candidatus Saccharibacteria (0.0107),[1224] Pseudomonadota (0.0107),[1117] Cyanobacteriota (0.0107),[200643] Bacteroidia (-0.0107),[572511] Blautia (0.0063),[1392389] Intestinimonas (0.0001),[459786] Oscillibacter (0.0001),[815] Bacteroidaceae (-0.0),[171552] Prevotellaceae (0.0),,,,,,,,,,,,,,,,,,
Probiotics Containing _Shouchella Clausii_,diets,Type Probiotics,,,,,,,,,,,,,,,,,,,,,,,,,,,,,,
Pumpkin,diets,Type 2,[22] Shewanella (0.0097),[3031852] Epsilonproteobacteria (0.0097),[186806] Eubacteriaceae (0.0097),[188913] Cetobacterium somerae (0.0097),[544448] Mycoplasmatota (0.0097),[38313] Shewanella algae (0.0097),[1164882] Lachnoanaerobaculum (0.0097),[1730] Eubacterium (0.0097),[28124] Porphyromonas endodontalis (0.0097),[838] Prevotella (0.0097),[135622] Alteromonadales (0.0097),[1623] Ligilactobacillus ruminis (0.0097),[180162] Cetobacterium (0.0097),[85831] Bacteroides acidifaciens (0.0097),[2037] Actinomycetales (0.0097),[979627] Lachnoanaerobaculum orale (0.0097),[Pathogen] Campylobacter (0.0097),[213849] Campylobacterales (0.0097),[267890] Shewanellaceae (0.0097),[72294] Campylobacteraceae (0.0097),[387090] Phocaeicola coprophilus (0.0097),[1265] Ruminococcus flavefaciens (0.0097),[205] Campylobacter sp. (0.0097),[76122] Alloprevotella tannerae (0.0097),,,,,,
Protein Supplements,diets,Type 2,[841] Roseburia (-0.0204),[815] Bacteroidaceae (0.0204),[33042] Coprococcus (-0.0204),[Probiotic] Bifidobacterium longum (-0.0204),[816] Bacteroides (0.0204),[649775] Synergistia (-0.0204),[186803] Lachnospiraceae (-0.0204),[171549] Bacteroidales (0.0204),[570] Klebsiella (-0.0204),[649776] Synergistales (-0.0204),[186801] Clostridia (-0.0204),[200643] Bacteroidia (0.0204),[544] Citrobacter (-0.0204),[508458] Synergistota (-0.0204),[40520] Blautia obeum (-0.0102),[357276] Phocaeicola dorei (-0.0102),[28118] Odoribacter splanchnicus (-0.0102),[40519] Ruminococcus callidus (0.0102),[39488] Anaerobutyricum hallii (-0.0102),[46503] Parabacteroides merdae (-0.0102),[41978] Ruminococcus sp. (-0.0102),[562] Escherichia coli (-0.0102),[544645] Butyricimonas virosa (-0.0102),[2646395] unclassified Faecalibacterium (-0.0102),[310298] Phocaeicola coprocola (0.0102),[310297] Phocaeicola plebeius (0.0102),[35833] Bilophila wadsworthia (0.0102),[872] Desulfovibrio (-0.0102),[626932] Alistipes indistinctus (-0.0102),[358743] Enterocloster citroniae (-0.0102)
Probiotics Containing _Lactiplantibacillus Plantarum_,diets,Type Probiotics,,,,,,,,,,,,,,,,,,,,,,,,,,,,,,
Resistant Dextrin,diets,Type 2,[841] Roseburia (0.0204),[186802] Eubacteriales (0.0204),[39485] Lachnospira eligens (0.0204),[40518] Ruminococcus bromii (0.0204),[1643826] Eggerthellaceae (0.0204),[360807] Roseburia inulinivorans (0.0204),[1239] Bacillota (0.0204),[186806] Eubacteriaceae (0.0204),[88431] Dorea longicatena (0.0204),[40520] Blautia obeum (0.0204),[649756] Anaerostipes hadrus (0.0204),[1263] Ruminococcus (0.0204),[28050] Lachnospira (0.0204),[1730] Eubacterium (0.0204),[Probiotic] Bifidobacterium longum (0.0204),[216572] Oscillospiraceae (0.0204),[33039] [Ruminococcus] torques (0.0204),[301302] Roseburia faecis (0.0204),[186801] Clostridia (0.0204),[375288] Parabacteroides (0.0204),[823] Parabacteroides distasonis (0.0204),[2005525] Tannerellaceae (0.0204),[207244] Anaerostipes (0.0204),[1643822] Eggerthellales (0.0204),,,,,,
Selenium,diets,Type 2,[40545] Sutterella wadsworthensis (0.0103),,,,,,,,,,,,,,,,,,,,,,,,,,,,,
Ulmus Macrocarpa Hance Extract,diets,Type 2,[2048137] Agathobaculum (-0.0076),[871665] Blautia faecis (0.0038),[40545] Sutterella wadsworthensis (-0.0038),[1583] Weissella confusa (-0.0038),[39496] Eubacterium ventriosum (0.0038),[33038] Mediterraneibacter gnavus (0.0038),[13687] Sphingomonas (-0.0038),[1485] Clostridium (-0.0038),[102106] Collinsella (0.0038),[374] Bradyrhizobium (-0.0038),[189330] Dorea (0.0038),[1918542] Muricomes (0.0038),[46255] Weissella (0.0038),[1224] Pseudomonadota (-0.0038),[241189] Hespellia (0.0038),[841] Roseburia (0.0),,,,,,,,,,,,,,
Omega-3 Fatty Acids,diets,Type 2,[1678] Bifidobacterium (0.1537),[216851] Faecalibacterium (-0.1477),[28050] Lachnospira (0.1475),[995019] Sutterellaceae (0.1475),[841] Roseburia (0.1475),[31979] Clostridiaceae (0.1475),[119852] Oscillospira (0.1475),[1647988] Akkermansiaceae (0.1475),[1578] Lactobacillus (0.1475),[33042] Coprococcus (-0.1147),[102106] Collinsella (-0.0326),[248744] Marvinbryantia (-0.0326),[33039] [Ruminococcus] torques (-0.0326),[572511] Blautia (-0.0323),[1263] Ruminococcus (-0.0323),[816] Bacteroides (0.0323),[39486] Dorea formicigenerans (0.0283),[39490] Eubacterium ramulus (0.0283),[40518] Ruminococcus bromii (-0.0283),[40519] Ruminococcus callidus (0.0283),[1535] [Clostridium] leptum (0.0283),[360807] Roseburia inulinivorans (0.0283),[29466] Veillonella parvula (0.0283),[80865] Delftia (0.0283),[40520] Blautia obeum (0.0283),[1512] [Clostridium] symbiosum (0.0283),[186803] Lachnospiraceae (0.0107),[292632] Subdoligranulum (0.0002),[39491] Agathobacter rectalis (0.0002),
Iodine,diets,Type 2,[1940255] Fournierella (0.0325),[1239] Bacillota (0.0107),[95818] Candidatus Saccharibacteria (0.0107),[1117] Cyanobacteriota (0.0107),[201174] Actinomycetota (-0.0107),[200643] Bacteroidia (-0.0107),[1224] Pseudomonadota (0.0107),,,,,,,,,,,,,,,,,,,,,,,
Cinnamon Water Extract Supplementation,diets,Type 2,[1769710] Sellimonas (-0.0),[74201] Verrucomicrobiota (0.0),[135621] Pseudomonadaceae (0.0),[95818] Candidatus Saccharibacteria (0.0),[72274] Pseudomonadales (0.0),[117563] Granulicatella (0.0),[200643] Bacteroidia (0.0),[1678] Bifidobacterium (0.0),[286] Pseudomonas (0.0),[544448] Mycoplasmatota (-0.0),[1301] Streptococcus (0.0),[201174] Actinomycetota (0.0),[1117] Cyanobacteriota (0.0),[186828] Carnobacteriaceae (0.0),,,,,,,,,,,,,,,,
Yogurt,diets,Type 2,[Probiotic] Streptococcus thermophilus (0.0296),[33040] Streptococcus milleri (0.0206),[1300] Streptococcaceae (0.0206),[28116] Bacteroides ovatus (-0.0137),[1239] Bacillota (0.0113),[1236] Gammaproteobacteria (-0.0113),[1224] Pseudomonadota (-0.0113),[1578] Lactobacillus (0.0113),[Probiotic] Lacticaseibacillus casei (0.0113),[201174] Actinomycetota (0.0113),[1678] Bifidobacterium (0.0111),[1414720] Clostridium saudiense (-0.0103),[1680] Bifidobacterium adolescentis (-0.0103),[823] Parabacteroides distasonis (-0.0103),[291644] Bacteroides salyersiae (-0.0103),[853] Faecalibacterium prausnitzii (-0.0103),[283168] Odoribacter (-0.01),[1263] Ruminococcus (-0.01),[189330] Dorea (-0.01),[35832] Bilophila (-0.01),[1301] Streptococcus (0.0089),[216572] Oscillospiraceae (0.0089),[Probiotic] Bifidobacterium animalis (0.0089),[186803] Lachnospiraceae (0.0089),[817] Bacteroides fragilis (-0.0035),[821] Phocaeicola vulgatus (-0.0035),,,,
Vitamin B Supplementation,diets,Type 2,[171552] Prevotellaceae (-0.0077),[72294] Campylobacteraceae (-0.0077),[203492] Fusobacteriaceae (-0.0077),[75682] Oxalobacteraceae (-0.0076),[1268] Micrococcaceae (-0.0076),[544448] Mycoplasmatota (-0.0076),[80864] Comamonadaceae (-0.0076),[84107] Coriobacteriaceae (-0.0076),[171551] Porphyromonadaceae (-0.0076),,,,,,,,,,,,,,,,,,,,,
High-Fat Diet,diets,Type 2,[216851] Faecalibacterium (-0.1476),[816] Bacteroides (0.1476),[239759] Alistipes (0.1476),,,,,,,,,,,,,,,,,,,,,,,,,,,
Probiotics Containing _Escherichia Coli Nissle 1917_,diets,Type Probiotics,,,,,,,,,,,,,,,,,,,,,,,,,,,,,,
Grape Powder,diets,Type 2,[946234] Flavonifractor (0.0204),[39948] Dialister (-0.0204),[1678] Bifidobacterium (-0.0204),,,,,,,,,,,,,,,,,,,,,,,,,,,
Polysaccharides,diets,Type 2,[1678] Bifidobacterium (0.0),[201174] Actinomycetota (0.0),[33042] Coprococcus (0.0),[1224] Pseudomonadota (-0.0),,,,,,,,,,,,,,,,,,,,,,,,,,
Probiotics Containing _Lactobacillus Acidophilus_,diets,Type Probiotics,,,,,,,,,,,,,,,,,,,,,,,,,,,,,,
Probiotics Containing _Limosilactobacillus Fermentum_,diets,Type Probiotics,,,,,,,,,,,,,,,,,,,,,,,,,,,,,,
Beta-Carotene,diets,Type 2,[1239] Bacillota (0.0295),[816] Bacteroides (-0.0223),[1485] Clostridium (0.0223),[815] Bacteroidaceae (-0.0223),[171549] Bacteroidales (-0.0223),[1378] Gemella (0.0223),[200643] Bacteroidia (-0.0223),[301301] Roseburia hominis (0.0103),[35493] Streptophyta (0.0103),[515620] [Eubacterium] eligens ATCC 27750 (0.0103),[301302] Roseburia faecis (0.0103),[39948] Dialister (0.0072),,,,,,,,,,,,,,,,,,
Probiotics Containing _Pediococcus Pentosaceus_,diets,Type Probiotics,,,,,,,,,,,,,,,,,,,,,,,,,,,,,,
Unfermented Milk,diets,Type 2,[1239] Bacillota (0.0204),[74201] Verrucomicrobiota (0.0204),[200643] Bacteroidia (-0.0204),,,,,,,,,,,,,,,,,,,,,,,,,,,
Inulin,diets,Type 2,[Probiotic] Bifidobacterium bifidum (0.0242),[Probiotic] Bifidobacterium longum (0.0242),[1680] Bifidobacterium adolescentis (0.0242),[649756] Anaerostipes hadrus (0.0242),[1678] Bifidobacterium (0.0028),,,,,,,,,,,,,,,,,,,,,,,,,
Soy Milk,diets,Type 2,[1224] Pseudomonadota (0.0325),[1678] Bifidobacterium (-0.0325),[838] Prevotella (0.0325),[1730] Eubacterium (0.0325),[841] Roseburia (-0.0325),[1485] Clostridium (0.0325),,,,,,,,,,,,,,,,,,,,,,,,
Ginger Supplementation,diets,Type 2,[185979] unclassified Bacillus (0.0072),[1386] Bacillus (0.0072),[1903414] Morganellaceae (0.0072),[1185407] Defluviitaleaceae (0.0072),[572511] Blautia (-0.0072),[201174] Actinomycetota (0.0072),[186817] Bacillaceae (0.0072),[375288] Parabacteroides (0.0072),[41297] Sphingomonadaceae (-0.0072),,,,,,,,,,,,,,,,,,,,,
Superfine Yak Bone Powder,diets,Type 2,[906] Megasphaera (0.0373),[904] Acidaminococcus (0.0373),[1678] Bifidobacterium (0.0373),[469] Acinetobacter (-0.0373),[158846] Megamonas (0.0373),[838] Prevotella (0.0373),,,,,,,,,,,,,,,,,,,,,,,,
Pickled Foods,diets,Type 2,[33042] Coprococcus (-0.0036),,,,,,,,,,,,,,,,,,,,,,,,,,,,,
Vitamin B2,diets,Type 2,[200643] Bacteroidia (-0.033),[216572] Oscillospiraceae (0.0325),[84086] unclassified Bacillota (0.0325),[328814] Alistipes shahii (0.0325),[31979] Clostridiaceae (0.0325),[1485] Clostridium (0.0325),[853] Faecalibacterium prausnitzii (-0.0325),[31977] Veillonellaceae (-0.0325),[39488] Anaerobutyricum hallii (-0.0325),[216851] Faecalibacterium (-0.0325),[1117] Cyanobacteriota (-0.0107),[201174] Actinomycetota (0.0107),[1224] Pseudomonadota (0.0107),[95818] Candidatus Saccharibacteria (0.0107),[1239] Bacillota (0.0107),,,,,,,,,,,,,,,
Fish,diets,Type 2,[363265] Leyella stercorea (-0.0167),[29354] Lacrimispora celerecrescens (-0.0167),[216851] Faecalibacterium (0.0036),,,,,,,,,,,,,,,,,,,,,,,,,,,
Butter,diets,Type 2,[2173] Methanobrevibacter smithii (0.1477),,,,,,,,,,,,,,,,,,,,,,,,,,,,,
High-Protein Calorie Restricted Diet,diets,Type 2,[41200] Bifidobacterium sp. (0.0205),[1872421] Akkermansia sp. (0.0205),[59823] Prevotella sp. (-0.0205),,,,,,,,,,,,,,,,,,,,,,,,,,,
Probiotics Containing _Akkermansia Muciniphila_,diets,Type Probiotics,,,,,,,,,,,,,,,,,,,,,,,,,,,,,,
Cocoa Flavanols,diets,Type 2,[1532] Blautia coccoides (0.0161),[1678] Bifidobacterium (0.0161),[39491] Agathobacter rectalis (0.0161),[1498] Hathewaya histolytica (-0.0161),[1350] Enterococcus (0.0161),[1578] Lactobacillus (0.0161),,,,,,,,,,,,,,,,,,,,,,,,
Synbiotic Treatment,diets,Type 2,[186826] Lactobacillales (0.0205),[33958] Lactobacillaceae (0.0111),[475] Moraxella (-0.0111),[437755] Moryella (-0.0111),[1678] Bifidobacterium (0.0047),[1578] Lactobacillus (0.0047),[292632] Subdoligranulum (0.0047),,,,,,,,,,,,,,,,,,,,,,,
Biotin,diets,Type 2,[1239] Bacillota (0.0107),[1117] Cyanobacteriota (-0.0107),[200643] Bacteroidia (-0.0107),[201174] Actinomycetota (0.0107),[1224] Pseudomonadota (0.0107),[95818] Candidatus Saccharibacteria (0.0107),,,,,,,,,,,,,,,,,,,,,,,,
Rhubarb Extract,diets,Type 2,[841] Roseburia (0.0179),[1766253] Agathobacter (0.0179),,,,,,,,,,,,,,,,,,,,,,,,,,,,
Golden Delicious Apple,diets,Type 2,[1224] Pseudomonadota (0.0204),[1678] Bifidobacterium (0.0204),[201174] Actinomycetota (0.0204),[200643] Bacteroidia (-0.0204),,,,,,,,,,,,,,,,,,,,,,,,,,
Zinc,diets,Type 2,[33039] [Ruminococcus] torques (0.0385),[1654] Actinomyces (0.0385),[1117] Cyanobacteriota (0.0107),[1224] Pseudomonadota (0.0107),[200643] Bacteroidia (-0.0107),[201174] Actinomycetota (0.0107),[1239] Bacillota (0.0107),[95818] Candidatus Saccharibacteria (0.0107),[729] Haemophilus parainfluenzae (0.0103),,,,,,,,,,,,,,,,,,,,,
Probiotics Containing _Enterococcus Durans_,diets,Type Probiotics,,,,,,,,,,,,,,,,,,,,,,,,,,,,,,
Vitamin A,diets,Type 2,[2172] Methanobrevibacter (0.1018),[1224] Pseudomonadota (0.0912),[186803] Lachnospiraceae (0.0325),[200643] Bacteroidia (0.0107),[95818] Candidatus Saccharibacteria (0.0107),[201174] Actinomycetota (0.0107),[1239] Bacillota (0.0107),[838] Prevotella (0.0104),[39948] Dialister (0.0072),[216851] Faecalibacterium (0.0),[46205] Pseudobutyrivibrio (-0.0),[1578] Lactobacillus (-0.0),,,,,,,,,,,,,,,,,,
High Carbohydrate Diet,diets,Type 2,[286] Pseudomonas (-0.1174),[84111] Eggerthella (0.1174),[102106] Collinsella (-0.1174),[40544] Sutterella (-0.1174),[1263] Ruminococcus (0.1174),[216572] Oscillospiraceae (-0.1174),[158846] Megamonas (-0.1174),[186803] Lachnospiraceae (-0.1174),[447020] Adlercreutzia (0.1174),[816] Bacteroides (0.1102),[239759] Alistipes (-0.0072),[33038] Mediterraneibacter gnavus (0.0072),[239934] Akkermansia (-0.0072),[841] Roseburia (0.0072),,,,,,,,,,,,,,,,
Fermented Milk,diets,Type 2,[1694] Bifidobacterium pseudolongum (0.0206),[Probiotic] Bifidobacterium animalis (0.0206),[1692] Bifidobacterium magnum (0.0206),[78345] Bifidobacterium merycicum (0.0206),[33905] Bifidobacterium thermophilum (0.0206),[31953] Bifidobacteriaceae (0.0206),[201174] Actinomycetota (0.0206),[1678] Bifidobacterium (0.0206),[570] Klebsiella (-0.0205),[848] Fusobacterium (-0.0205),[872] Desulfovibrio (0.0205),[841] Roseburia (-0.0205),[29465] Veillonella (-0.0205),[39948] Dialister (-0.0205),[2172] Methanobrevibacter (0.0205),[1348911] Coprobacter (-0.0205),[84108] Slackia (0.0205),[216572] Oscillospiraceae (-0.0079),[1239] Bacillota (-0.0079),[186803] Lachnospiraceae (-0.0079),[171552] Prevotellaceae (0.0079),[815] Bacteroidaceae (0.0079),[200643] Bacteroidia (0.0079),,,,,,,
Probiotics Containing _Lactococcus Lactis_,diets,Type Probiotics,,,,,,,,,,,,,,,,,,,,,,,,,,,,,,
Probiotic Treatment,diets,Type 1,[1730] Eubacterium (0.0),[32008] Burkholderia (0.0),[1485] Clostridium (-0.0),[561] Escherichia (-0.0),[Pathogen] Campylobacter (-0.0),[Pathogen] Shigella (-0.0),[234] Brucella (-0.0),,,,,,,,,,,,,,,,,,,,,,,
High-Volume Training,lifestyles,Type 2,[724] Haemophilus (-0.0),[729] Haemophilus parainfluenzae (-0.0),[1506553] Lachnoclostridium (-0.0),[40519] Ruminococcus callidus (0.0),[1318] Streptococcus parasanguinis (-0.0),[712] Pasteurellaceae (-0.0),,,,,,,,,,,,,,,,,,,,,,,,
American Heart Association Diet,diets,Type 2,[1678] Bifidobacterium (-0.0301),[31969] Mollicutes (0.0301),[544448] Mycoplasmatota (0.0301),,,,,,,,,,,,,,,,,,,,,,,,,,,
Cheese,diets,Type 2,[160404] Anaerotignum lactatifermentans (0.0167),[74201] Verrucomicrobiota (-0.0167),[82983] Obesumbacterium proteus (0.0167),[543] Enterobacteriaceae (0.0167),[Probiotic] Akkermansia muciniphila (-0.0167),[239934] Akkermansia (-0.0167),[1351] Enterococcus faecalis (0.0001),,,,,,,,,,,,,,,,,,,,,,,
Probiotics Containing _Bifidobacterium Longum Subsp. Infantis_,diets,Type Probiotics,,,,,,,,,,,,,,,,,,,,,,,,,,,,,,
Omega-6 Fatty Acids,diets,Type 2,[291644] Bacteroides salyersiae (0.0103),[572511] Blautia (-0.0),[186807] Peptococcaceae (0.0),[84111] Eggerthella (0.0),[33024] Phascolarctobacterium (0.0),[207244] Anaerostipes (0.0),[84108] Slackia (0.0),[253255] Soehngenia (0.0),[588605] Robinsoniella (0.0),[168657] Hydrogenobaculum (0.0),[375288] Parabacteroides (0.0),[102106] Collinsella (0.0),,,,,,,,,,,,,,,,,,
Whole Milk,diets,Type 2,[1678] Bifidobacterium (0.0205),[572511] Blautia (0.0205),[201174] Actinomycetota (0.0205),[158846] Megamonas (-0.0205),[207244] Anaerostipes (0.0205),,,,,,,,,,,,,,,,,,,,,,,,,
Cod,diets,Type 2,[909929] Selenomonadales (0.0111),[186802] Eubacteriales (-0.0111),[171549] Bacteroidales (-0.0111),,,,,,,,,,,,,,,,,,,,,,,,,,,
Sungold Kiwifruit,diets,Type 2,[84107] Coriobacteriaceae (0.0205),,,,,,,,,,,,,,,,,,,,,,,,,,,,,
Moderate-Spiced Diet,diets,Type 2,[216572] Oscillospiraceae (0.0072),[171550] Rikenellaceae (0.0072),,,,,,,,,,,,,,,,,,,,,,,,,,,,
Green Tea,diets,Type 2,[572511] Blautia (0.0157),[201174] Actinomycetota (0.0157),[1239] Bacillota (0.0157),[1228827] Influenza A virus) (0.0157),[84107] Coriobacteriaceae (0.0157),[186803] Lachnospiraceae (0.0157),[1730] Eubacterium (0.0157),[33042] Coprococcus (0.0157),[216851] Faecalibacterium (0.0157),[Probiotic] Bifidobacterium longum (0.0157),[216572] Oscillospiraceae (0.0157),[841] Roseburia (0.0157),[200643] Bacteroidia (-0.0157),[189330] Dorea (0.0157),[1678] Bifidobacterium (0.0157),[848] Fusobacterium (-0.0157),[39491] Agathobacter rectalis (0.0157),[88431] Dorea longicatena (0.0157),[39486] Dorea formicigenerans (0.0157),[69277] Phyllobacteriaceae (0.0157),[31953] Bifidobacteriaceae (0.0157),[84999] Coriobacteriales (0.0157),[171552] Prevotellaceae (-0.0157),[610116] Aliihoeflea (0.0157),[29347] [Clostridium] scindens (0.0157),[84998] Coriobacteriia (0.0157),,,,
Tomato Extract,diets,Type 2,[816] Bacteroides (-0.0072),[1263] Ruminococcus (-0.0072),[239759] Alistipes (0.0072),,,,,,,,,,,,,,,,,,,,,,,,,,,
Anti-Inflammatory Diet,diets,Type 2,[853] Faecalibacterium prausnitzii (0.0205),[201174] Actinomycetota (-0.0205),[1300] Streptococcaceae (-0.0205),[28221] Deltaproteobacteria (-0.0205),[91061] Bacilli (-0.0205),[1301] Streptococcus (-0.0205),[194924] Desulfovibrionaceae (-0.0205),[213115] Desulfovibrionales (-0.0205),[1766253] Agathobacter (0.0205),[186826] Lactobacillales (-0.0205),[85004] Bifidobacteriales (-0.0205),[31953] Bifidobacteriaceae (-0.0205),[310298] Phocaeicola coprocola (0.0205),,,,,,,,,,,,,,,,,
Sprint Interval Training,lifestyles,Type 2,[200643] Bacteroidia (0.0135),[1485] Clostridium (-0.0135),,,,,,,,,,,,,,,,,,,,,,,,,,,,
Freshwater Fish,diets,Type 2,[1224] Pseudomonadota (-0.0113),[Pathogen] Shigella (-0.0113),[561] Escherichia (-0.0113),[158846] Megamonas (-0.0113),[216851] Faecalibacterium (0.0113),,,,,,,,,,,,,,,,,,,,,,,,,
Ketogenic Diet,diets,Type 2,[848] Fusobacterium (0.0409),[2040332] Dorea sp. (0.0204),[1971605] Faecalibacterium sp. (-0.0204),[29523] Bacteroides sp. (0.0204),[1357] Lactococcus (0.0204),[1239] Bacillota (-0.0204),,,,,,,,,,,,,,,,,,,,,,,,
High-Carbohydrate/Low-Glycemic Index Diet,diets,Type 2,[853] Faecalibacterium prausnitzii (0.0121),,,,,,,,,,,,,,,,,,,,,,,,,,,,,
Polyunsaturated Fatty Acids,diets,Type 2,[1678] Bifidobacterium (-0.0072),[1578] Lactobacillus (0.0072),,,,,,,,,,,,,,,,,,,,,,,,,,,,
Water,diets,Type 2,[561] Escherichia (0.0036),,,,,,,,,,,,,,,,,,,,,,,,,,,,,
Methylcobalamin Supplementation,diets,Type 2,[216572] Oscillospiraceae (-0.0),[190972] Sedimentibacter (0.0),[1485] Clostridium (0.0),[816] Bacteroides (-0.0),[469] Acinetobacter (0.0),[543] Enterobacteriaceae (-0.0),[561] Escherichia (0.0),[946234] Flavonifractor (0.0),,,,,,,,,,,,,,,,,,,,,,
Dynamic Exercise,lifestyles,Type 2,[47678] Bacteroides caccae (0.0088),[1307] Streptococcus suis (0.0088),[Probiotic] Bifidobacterium animalis (0.0088),[649756] Anaerostipes hadrus (0.0088),[208479] Enterocloster bolteae (0.0088),[Probiotic] Lactobacillus acidophilus (0.0088),[853] Faecalibacterium prausnitzii (0.0088),[28131] Prevotella intermedia (0.0088),,,,,,,,,,,,,,,,,,,,,,
Curcumin,diets,Type 2,[201174] Actinomycetota (0.0205),[194924] Desulfovibrionaceae (0.0205),[290054] Eubacterium coprostanoligenes (0.0205),[171552] Prevotellaceae (0.0205),[28050] Lachnospira (0.0205),[815] Bacteroidaceae (-0.0205),[1239] Bacillota (-0.0205),[186803] Lachnospiraceae (0.0205),[29375] Lacrimispora xylanolytica (0.0),[74426] Collinsella aerofaciens (0.0),[1259973] Klebsiella electrica (0.0),[61648] Kluyvera intermedia (0.0),[116085] Coprococcus catus (-0.0),,,,,,,,,,,,,,,,,
Acupuncture,lifestyles,Type 2,[1766253] Agathobacter (0.0166),[1506553] Lachnoclostridium (0.0166),[1239] Bacillota (-0.0143),[Pathogen] Shigella (-0.01),[561] Escherichia (-0.01),[572511] Blautia (0.0085),[577310] Parasutterella (0.0058),[209879] Allisonella (-0.0058),[397864] Barnesiella (-0.0058),[39948] Dialister (-0.0058),[1649459] Hungatella (-0.0058),[1392389] Intestinimonas (-0.0058),[437755] Moryella (-0.0058),[906] Megasphaera (-0.0058),[816] Bacteroides (0.0043),[189330] Dorea (-0.0015),[203490] Fusobacteriia (-0.0015),[216851] Faecalibacterium (0.0015),[292632] Subdoligranulum (0.0015),,,,,,,,,,,
Polyphenols,diets,Type 2,[1535] [Clostridium] leptum (-0.015),[1532] Blautia coccoides (-0.015),,,,,,,,,,,,,,,,,,,,,,,,,,,,
Potato,diets,Type 2,[216572] Oscillospiraceae (0.0242),[1485] Clostridium (0.0242),[1680] Bifidobacterium adolescentis (0.0242),[360807] Roseburia inulinivorans (-0.0242),[46506] Bacteroides stercoris (0.0205),[301302] Roseburia faecis (0.0205),[2005359] Faecalicatena (0.0205),[1150298] Fusicatenibacter saccharivorans (0.0205),[384636] Hungatella xylanolytica (0.0205),,,,,,,,,,,,,,,,,,,,,
Brown Rice Amazake,diets,Type 2,[40545] Sutterella wadsworthensis (0.0385),[40544] Sutterella (0.0385),[105825] butyrate-producing bacterium A2-207 (0.0314),[537405] Lactobacillales bacterium DJF_B280 (0.0314),[537386] Firmicutes bacterium DJF_VP44 (0.0314),[580596] Butyricicoccus (0.0314),[375288] Parabacteroides (0.0314),[171551] Porphyromonadaceae (0.0314),[823] Parabacteroides distasonis (0.0071),[537281] Faecalibacterium sp. DJF_VR20 (0.0071),[329854] Bacteroides intestinalis (0.0071),[328813] Alistipes onderdonkii (0.0071),,,,,,,,,,,,,,,,,,
Sweets,diets,Type 2,[2173] Methanobrevibacter smithii (0.1477),[1224] Pseudomonadota (-0.0167),[89014] Blautia luti (0.0167),[35832] Bilophila (-0.0167),[438033] Ruminococcus gauvreauii (0.0167),[46205] Pseudobutyrivibrio (-0.0),,,,,,,,,,,,,,,,,,,,,,,,
Resistance Training,lifestyles,Type 2,[171552] Prevotellaceae (-0.0135),[31953] Bifidobacteriaceae (0.0135),,,,,,,,,,,,,,,,,,,,,,,,,,,,
Betaine,diets,Type 2,[102106] Collinsella (0.0),[216851] Faecalibacterium (0.0),,,,,,,,,,,,,,,,,,,,,,,,,,,,
Oats,diets,Type 2,[39948] Dialister (0.0316),[301301] Roseburia hominis (0.0316),[45851] Butyrivibrio crossotus (0.0316),[487173] Dialister succinatiphilus (0.0316),[995019] Sutterellaceae (-0.0316),[360807] Roseburia inulinivorans (-0.0316),[Probiotic] Akkermansia muciniphila (0.0316),[841] Roseburia (0.0316),[29361] [Clostridium] nexile (-0.0316),[577309] Paraprevotella (0.0316),[28026] Bifidobacterium pseudocatenulatum (0.0316),[830] Butyrivibrio (0.0316),[1512] [Clostridium] symbiosum (0.0316),[28126] Segatella buccae (0.0316),[158847] Megamonas hypermegale (-0.0316),,,,,,,,,,,,,,,
Citrus Fruit Extract Supplementation,diets,Type 2,[2742598] Limosilactobacillus (0.0204),[97478] Limosilactobacillus mucosae (0.0204),[39490] Eubacterium ramulus (0.0204),[841] Roseburia (0.0204),[28111] Bacteroides eggerthii (0.0204),[1350] Enterococcus (0.0204),,,,,,,,,,,,,,,,,,,,,,,,
Elimination Diet,diets,Type 2,[40518] Ruminococcus bromii (-0.0325),[853] Faecalibacterium prausnitzii (-0.0325),[Probiotic] Bifidobacterium longum (-0.0325),[Probiotic] Akkermansia muciniphila (-0.0325),,,,,,,,,,,,,,,,,,,,,,,,,,
Probiotics Containing _Bifidobacterium Animalis Subsp. Lactis Bl-04_,diets,Type Probiotics,,,,,,,,,,,,,,,,,,,,,,,,,,,,,,
Artificial Sweeteners,diets,Type 2,[543] Enterobacteriaceae (0.2193),[28221] Deltaproteobacteria (0.2193),[201174] Actinomycetota (0.2193),,,,,,,,,,,,,,,,,,,,,,,,,,,
Cellulose Supplementation,diets,Type 2,[1263] Ruminococcus (0.0101),[186803] Lachnospiraceae (0.0101),[186802] Eubacteriales (0.0101),[191303] Turicibacter (0.0101),,,,,,,,,,,,,,,,,,,,,,,,,,
Probiotics Containing _Bifidobacterium Breve_,diets,Type Probiotics,,,,,,,,,,,,,,,,,,,,,,,,,,,,,,
Galacto-Oligosaccharide Supplementation,diets,Type 2,[1678] Bifidobacterium (0.1804),[35833] Bilophila wadsworthia (-0.066),[216851] Faecalibacterium (0.0553),[1578] Lactobacillus (0.0553),[33035] Blautia producta (0.0329),[2172] Methanobrevibacter (0.0329),[301302] Roseburia faecis (0.0329),[33043] Coprococcus eutactus (0.0329),[853] Faecalibacterium prausnitzii (0.0329),[33042] Coprococcus (0.0329),[1263] Ruminococcus (0.0227),[1694] Bifidobacterium pseudolongum (0.0207),[Probiotic] Bifidobacterium breve (0.0207),[41200] Bifidobacterium sp. (0.0207),[561180] Bifidobacterium gallicum DSM 20093 = LMG 11596 (0.0207),[Probiotic] Bifidobacterium bifidum (0.0207),[201174] Actinomycetota (0.0207),[31953] Bifidobacteriaceae (0.0207),[51514] Dehalobacterium (-0.0102),[2753] Synergistes (-0.0102),[61170] Holdemania (-0.0102),,,,,,,,,
Chicken,diets,Type 2,[Probiotic] Akkermansia muciniphila (-0.0282),[171552] Prevotellaceae (0.0102),[39948] Dialister (0.0102),[133925] Olsenella (0.0102),[1578] Lactobacillus (0.0102),[200643] Bacteroidia (0.0102),[1239] Bacillota (-0.0102),[171549] Bacteroidales (0.0102),[848] Fusobacterium (-0.0036),,,,,,,,,,,,,,,,,,,,,
Lignan Supplementation,diets,Type 2,[239759] Alistipes (0.0161),,,,,,,,,,,,,,,,,,,,,,,,,,,,,
Whole Grain Barley,diets,Type 2,[1239] Bacillota (-0.0098),[41978] Ruminococcus sp. (0.0098),[203490] Fusobacteriia (-0.0098),[301301] Roseburia hominis (0.0098),[1506] Clostridium sp. (0.0098),,,,,,,,,,,,,,,,,,,,,,,,,
High-Protein Diet,diets,Type 2,[1965294] Collinsella sp. (0.0211),[1263] Ruminococcus (0.0211),[194924] Desulfovibrionaceae (0.0204),[186804] Peptostreptococcaceae (0.0204),[84107] Coriobacteriaceae (-0.0204),[216572] Oscillospiraceae (-0.0204),[909930] Acidaminococcaceae (-0.0204),[2040332] Dorea sp. (0.0164),[1945593] Oscillibacter sp. (0.0164),[841] Roseburia (0.0164),[626940] Phascolarctobacterium succinatutens (-0.0112),[1550024] Ruthenibacterium lactatiformans (0.0112),[135625] Pasteurellales (0.0112),[1034346] Dielma fastidiosa (-0.0111),[1472649] Dielma (-0.0111),[909932] Negativicutes (-0.0111),[909929] Selenomonadales (-0.0111),,,,,,,,,,,,,
Probiotics Containing _Bacillus Subtilis_,diets,Type Probiotics,,,,,,,,,,,,,,,,,,,,,,,,,,,,,,
Navel Orange Juice,diets,Type 2,[216572] Oscillospiraceae (-0.015),[81852] Enterococcaceae (0.015),[853] Faecalibacterium prausnitzii (-0.015),[31977] Veillonellaceae (0.015),,,,,,,,,,,,,,,,,,,,,,,,,,
Probiotics Containing _Lactobacillus Gasseri_,diets,Type Probiotics,,,,,,,,,,,,,,,,,,,,,,,,,,,,,,
Wild Blueberry Powder Drink Juice,diets,Type 2,[1678] Bifidobacterium (0.015),,,,,,,,,,,,,,,,,,,,,,,,,,,,,
Vitamin B3,diets,Type 2,[171549] Bacteroidales (-0.0446),[200643] Bacteroidia (-0.0446),[1239] Bacillota (0.0107),[95818] Candidatus Saccharibacteria (0.0107),[201174] Actinomycetota (0.0107),[1224] Pseudomonadota (0.0107),[375288] Parabacteroides (-0.0032),[186803] Lachnospiraceae (0.0031),[216851] Faecalibacterium (0.0031),,,,,,,,,,,,,,,,,,,,,
Spinach,diets,Type 2,[1965233] Odoribacter sp. (0.0097),[283168] Odoribacter (0.0097),[1853231] Odoribacteraceae (0.0097),,,,,,,,,,,,,,,,,,,,,,,,,,,
Folic Acid,diets,Type 2,[508215] Rothia (0.0325),[216572] Oscillospiraceae (0.0325),[39948] Dialister (0.0325),[2840482] Coriobacteriaceae incertae sedis (0.0325),[1224] Pseudomonadota (-0.0107),[1117] Cyanobacteriota (-0.0107),[201174] Actinomycetota (0.0107),[95818] Candidatus Saccharibacteria (0.0107),[1239] Bacillota (0.0107),,,,,,,,,,,,,,,,,,,,,
Trans-Unsaturated Fatty Acids,diets,Type 2,[140625] Lachnobacterium (0.1018),[2172] Methanobrevibacter (0.1018),,,,,,,,,,,,,,,,,,,,,,,,,,,,
Probiotics Containing _Saccharomyces Boulardii_,diets,Type Probiotics,,,,,,,,,,,,,,,,,,,,,,,,,,,,,,
Probiotics Containing _Lactococcus Lactis Subsp. Lactis_,diets,Type Probiotics,,,,,,,,,,,,,,,,,,,,,,,,,,,,,,
Pork,diets,Type 2,[1239] Bacillota (0.0204),[200643] Bacteroidia (-0.0204),[572511] Blautia (0.0204),[186802] Eubacteriales (0.0204),[133925] Olsenella (-0.0204),[841] Roseburia (0.0204),[816] Bacteroides (0.0204),[186803] Lachnospiraceae (0.0204),[216851] Faecalibacterium (0.0168),[33042] Coprococcus (-0.0036),[244127] Anaerotruncus (-0.0036),,,,,,,,,,,,,,,,,,,
Probiotic Treatment,diets,Type 2,[200643] Bacteroidia (-0.1875),[1678] Bifidobacterium (0.1729),[171552] Prevotellaceae (-0.1667),[84107] Coriobacteriaceae (0.1667),[201174] Actinomycetota (0.1667),[1578] Lactobacillus (0.1275),[1301] Streptococcus (0.0573),[1239] Bacillota (0.0346),[572511] Blautia (0.0319),[Probiotic] Lactiplantibacillus plantarum (0.0314),[1505652] Terrisporobacter (0.0314),[84111] Eggerthella (-0.0314),[207244] Anaerostipes (0.0314),[Probiotic] Bifidobacterium animalis subsp. lactis (0.0292),[1224] Pseudomonadota (0.0283),[838] Prevotella (0.0205),[1485] Clostridium (-0.0205),[841] Roseburia (0.0205),[459786] Oscillibacter (-0.0205),[438033] Ruminococcus gauvreauii (0.0205),[906] Megasphaera (0.0205),[40544] Sutterella (-0.0205),[447020] Adlercreutzia (0.0205),[165179] Segatella copri (-0.0179),[59823] Prevotella sp. (-0.0179),[Probiotic] Akkermansia muciniphila (0.0179),[Pathogen] Clostridioides difficile (-0.0179),[74201] Verrucomicrobiota (0.0179),[816] Bacteroides (-0.016),[186803] Lachnospiraceae (0.0114)
Nicotinic Acid Supplementation,diets,Type 2,[200643] Bacteroidia (0.0739),,,,,,,,,,,,,,,,,,,,,,,,,,,,,
Probiotics Containing _Lacticaseibacillus Paracasei_,diets,Type Probiotics,,,,,,,,,,,,,,,,,,,,,,,,,,,,,,
High-Fructose Fruit Diet,diets,Type 2,[1239] Bacillota (0.0204),[216851] Faecalibacterium (0.0204),[3025755] Thomasclavelia (0.0204),[375288] Parabacteroides (-0.0204),[207244] Anaerostipes (0.0204),,,,,,,,,,,,,,,,,,,,,,,,,
Carboxymethylcellulose,diets,Type 2,[853] Faecalibacterium prausnitzii (-0.066),[186803] Lachnospiraceae (0.066),[2049040] Roseburia sp. (0.066),[41978] Ruminococcus sp. (-0.066),,,,,,,,,,,,,,,,,,,,,,,,,,
Peppermint Oil,diets,Type 2,[102106] Collinsella (-0.0102),,,,,,,,,,,,,,,,,,,,,,,,,,,,,
Paleo Diet,diets,Type 2,[200643] Bacteroidia (0.1174),[157] Treponema (0.1174),[1678] Bifidobacterium (-0.1174),[838] Prevotella (0.1174),[1649459] Hungatella (0.0112),[283168] Odoribacter (-0.0063),[35832] Bilophila (-0.0063),[40544] Sutterella (-0.0063),,,,,,,,,,,,,,,,,,,,,,
Low-Fat/High-Fiber Diet,diets,Type 2,[838] Prevotella (0.114),,,,,,,,,,,,,,,,,,,,,,,,,,,,,
Probiotics Containing _Propionibacterium Freudenreichii_,diets,Type Probiotics,,,,,,,,,,,,,,,,,,,,,,,,,,,,,,
Sweeteners,diets,Type 2,[816] Bacteroides (-0.0077),[836] Porphyromonas (-0.0077),[838] Prevotella (-0.0077),,,,,,,,,,,,,,,,,,,,,,,,,,,
Probiotics Containing _Streptococcus Salivarius_,diets,Type Probiotics,,,,,,,,,,,,,,,,,,,,,,,,,,,,,,
Animal-Based Diet,diets,Type 2,[35832] Bilophila (0.2289),[40518] Ruminococcus bromii (-0.2188),[816] Bacteroides (0.2188),[39491] Agathobacter rectalis (-0.2188),[239759] Alistipes (0.2188),[841] Roseburia (-0.2188),[28037] Streptococcus mitis (0.0206),[44749] Sporobacter termitidis (-0.0206),[1335] Streptococcus equinus (0.0206),[1965294] Collinsella sp. (0.0206),[33038] Mediterraneibacter gnavus (0.0206),[Probiotic] Akkermansia muciniphila (-0.0206),[283168] Odoribacter (0.01),[1263] Ruminococcus (0.01),[1678] Bifidobacterium (-0.01),[189330] Dorea (0.01),,,,,,,,,,,,,,
Probiotics Containing _Bifidobacterium Animalis_,diets,Type Probiotics,,,,,,,,,,,,,,,,,,,,,,,,,,,,,,
Curry,diets,Type 2,[1678] Bifidobacterium (0.0102),[816] Bacteroides (-0.0102),,,,,,,,,,,,,,,,,,,,,,,,,,,,
Gums,diets,Type 2,[1263] Ruminococcus (0.0409),[1678] Bifidobacterium (0.0205),[33024] Phascolarctobacterium (-0.0205),[906] Megasphaera (0.0205),[1407607] Fusicatenibacter (0.0204),[572511] Blautia (-0.0204),[216851] Faecalibacterium (0.0204),[841] Roseburia (-0.0204),[186803] Lachnospiraceae (-0.0204),[41200] Bifidobacterium sp. (0.0078),[1485] Clostridium (-0.0006),[816] Bacteroides (-0.0),[1769710] Sellimonas (0.0),[2039302] Monoglobus (-0.0),[189330] Dorea (-0.0),[577309] Paraprevotella (0.0),[872] Desulfovibrio (0.0),[200940] Thermodesulfobacteriota (0.0),[33039] [Ruminococcus] torques (-0.0),,,,,,,,,,,
Probiotics Containing Lactiplantibacillus Plantarum Lz227,diets,Type 2,[1239] Bacillota (0.01),[1578] Lactobacillus (0.01),[91061] Bacilli (0.01),[33958] Lactobacillaceae (0.01),[84111] Eggerthella (-0.01),[186826] Lactobacillales (0.01),,,,,,,,,,,,,,,,,,,,,,,,
Inulin-Rich Diet,diets,Type 2,[201174] Actinomycetota (0.1733),[186801] Clostridia (-0.1636),[186802] Eubacteriales (-0.1475),[1678] Bifidobacterium (0.0419),[574697] Butyricimonas (-0.0258),[1578] Lactobacillus (0.0258),[31953] Bifidobacteriaceae (0.0258),[841] Roseburia (-0.0258),[1680] Bifidobacterium adolescentis (0.0224),[Pathogen] Shigella (0.0224),[189330] Dorea (0.0224),[572511] Blautia (-0.0224),[649756] Anaerostipes hadrus (0.0224),[Probiotic] Bifidobacterium bifidum (0.0224),[433334] Erysipelotrichaceae incertae sedis (0.0224),[561] Escherichia (0.0224),[135858] Catenibacterium (0.0224),[Probiotic] Bifidobacterium longum (0.0224),[872] Desulfovibrio (-0.0224),[75682] Oxalobacteraceae (-0.0161),[200643] Bacteroidia (0.0047),[74201] Verrucomicrobiota (0.0047),[816] Bacteroides (0.0047),[239934] Akkermansia (0.0047),[39497] Eubacterium xylanophilum (-0.0034),[283168] Odoribacter (-0.0034),[39491] Agathobacter rectalis (-0.0034),[207244] Anaerostipes (0.0034),[171551] Porphyromonadaceae (-0.0034),[85004] Bifidobacteriales (0.0034)
Maize,diets,Type 2,[40518] Ruminococcus bromii (0.0242),[40519] Ruminococcus callidus (-0.0),[216572] Oscillospiraceae (0.0),[1628085] Agathobaculum butyriciproducens (-0.0),[41978] Ruminococcus sp. (0.0),[39491] Agathobacter rectalis (0.0),[446660] Adlercreutzia equolifaciens (-0.0),[1924094] Anaeromassilibacillus sp. (0.0),[1945593] Oscillibacter sp. (0.0),,,,,,,,,,,,,,,,,,,,,
Cholesterol,diets,Type 2,[1224] Pseudomonadota (0.1018),[1239] Bacillota (0.1018),[216572] Oscillospiraceae (0.0325),[1301] Streptococcus (0.0),[574697] Butyricimonas (-0.0),[119852] Oscillospira (-0.0),[100883] Coprobacillus (0.0),,,,,,,,,,,,,,,,,,,,,,,
Celery,diets,Type 2,[561] Escherichia (0.0036),[28050] Lachnospira (-0.0036),[397864] Barnesiella (-0.0036),[33042] Coprococcus (-0.0036),[577310] Parasutterella (-0.0036),[848] Fusobacterium (0.0036),[244127] Anaerotruncus (-0.0036),[1283313] Alloprevotella (-0.0036),[292632] Subdoligranulum (-0.0036),,,,,,,,,,,,,,,,,,,,,
Staples,diets,Type 2,,,,,,,,,,,,,,,,,,,,,,,,,,,,,,
Low-Calorie Diet,diets,Type 2,[Pathogen] Clostridioides difficile (0.219),[186801] Clostridia (0.0105),[201174] Actinomycetota (0.0105),[46205] Pseudobutyrivibrio (-0.0),[572511] Blautia (-0.0),[41200] Bifidobacterium sp. (-0.0),[239934] Akkermansia (0.0),,,,,,,,,,,,,,,,,,,,,,,
Vitamin B12 Supplementation,diets,Type 2,[216572] Oscillospiraceae (-0.0),[816] Bacteroides (-0.0),[469] Acinetobacter (0.0),[848] Fusobacterium (0.0),[543] Enterobacteriaceae (-0.0),,,,,,,,,,,,,,,,,,,,,,,,,
